,Flight Number,Onward/Return,Companies,Destination From,Destination to,Departure time,Arrival Time,Ticket Type,Class,Currency,Base Fare,Airline Taxes,Total Amount
0,996,Onward,AirIndia,DXB,DEL,2015-10-22T0005,2015-10-22T0445,E,G,SGD,117.0,429.8,546.8
1,332,Onward,AirIndia,DEL,BKK,2015-10-22T1350,2015-10-22T1935,E,G,SGD,117.0,429.8,546.8
2,333,Return,AirIndia,BKK,DEL,2015-10-30T0850,2015-10-30T1205,E,U,SGD,117.0,429.8,546.8
3,995,Return,AirIndia,DEL,DXB,2015-10-30T2040,2015-10-30T2245,E,U,SGD,117.0,429.8,546.8
4,163,Onward,Malaysia Airlines,DXB,KUL,2015-10-22T1935,2015-10-23T0705,E,N,SGD,563.0,60.8,623.8
5,5860,Onward,Malaysia Airlines,KUL,BKK,2015-10-23T1320,2015-10-23T1430,E,L,SGD,563.0,60.8,623.8
6,785,Return,Malaysia Airlines,BKK,KUL,2015-10-30T1105,2015-10-30T1415,E,N,SGD,563.0,60.8,623.8
7,162,Return,Malaysia Airlines,KUL,DXB,2015-10-30T1515,2015-10-30T1850,E,N,SGD,563.0,60.8,623.8
8,163,Onward,Malaysia Airlines,DXB,KUL,2015-10-22T1935,2015-10-23T0705,E,N,SGD,563.0,60.8,623.8
9,5860,Onward,Malaysia Airlines,KUL,BKK,2015-10-23T1320,2015-10-23T1430,E,L,SGD,563.0,60.8,623.8
10,797,Return,Malaysia Airlines,BKK,KUL,2015-10-30T0555,2015-10-30T0905,E,N,SGD,563.0,60.8,623.8
11,162,Return,Malaysia Airlines,KUL,DXB,2015-10-30T1515,2015-10-30T1850,E,N,SGD,563.0,60.8,623.8
12,163,Onward,Malaysia Airlines,DXB,KUL,2015-10-22T1935,2015-10-23T0705,E,N,SGD,563.0,60.8,623.8
13,774,Onward,Malaysia Airlines,KUL,BKK,2015-10-23T1615,2015-10-23T1720,E,N,SGD,563.0,60.8,623.8
14,785,Return,Malaysia Airlines,BKK,KUL,2015-10-30T1105,2015-10-30T1415,E,N,SGD,563.0,60.8,623.8
15,162,Return,Malaysia Airlines,KUL,DXB,2015-10-30T1515,2015-10-30T1850,E,N,SGD,563.0,60.8,623.8
16,163,Onward,Malaysia Airlines,DXB,KUL,2015-10-22T1935,2015-10-23T0705,E,N,SGD,563.0,60.8,623.8
17,774,Onward,Malaysia Airlines,KUL,BKK,2015-10-23T1615,2015-10-23T1720,E,N,SGD,563.0,60.8,623.8
18,797,Return,Malaysia Airlines,BKK,KUL,2015-10-30T0555,2015-10-30T0905,E,N,SGD,563.0,60.8,623.8
19,162,Return,Malaysia Airlines,KUL,DXB,2015-10-30T1515,2015-10-30T1850,E,N,SGD,563.0,60.8,623.8
20,163,Onward,Malaysia Airlines,DXB,KUL,2015-10-22T1935,2015-10-23T0705,E,N,SGD,563.0,60.8,623.8
21,776,Onward,Malaysia Airlines,KUL,BKK,2015-10-23T1850,2015-10-23T2000,E,N,SGD,563.0,60.8,623.8
22,785,Return,Malaysia Airlines,BKK,KUL,2015-10-30T1105,2015-10-30T1415,E,N,SGD,563.0,60.8,623.8
23,162,Return,Malaysia Airlines,KUL,DXB,2015-10-30T1515,2015-10-30T1850,E,N,SGD,563.0,60.8,623.8
24,163,Onward,Malaysia Airlines,DXB,KUL,2015-10-22T1935,2015-10-23T0705,E,N,SGD,563.0,60.8,623.8
25,776,Onward,Malaysia Airlines,KUL,BKK,2015-10-23T1850,2015-10-23T2000,E,N,SGD,563.0,60.8,623.8
26,797,Return,Malaysia Airlines,BKK,KUL,2015-10-30T0555,2015-10-30T0905,E,N,SGD,563.0,60.8,623.8
27,162,Return,Malaysia Airlines,KUL,DXB,2015-10-30T1515,2015-10-30T1850,E,N,SGD,563.0,60.8,623.8
28,163,Onward,Malaysia Airlines,DXB,KUL,2015-10-22T1935,2015-10-23T0705,E,N,SGD,563.0,60.8,623.8
29,780,Onward,Malaysia Airlines,KUL,BKK,2015-10-23T1750,2015-10-23T1855,E,N,SGD,563.0,60.8,623.8
30,785,Return,Malaysia Airlines,BKK,KUL,2015-10-30T1105,2015-10-30T1415,E,N,SGD,563.0,60.8,623.8
31,162,Return,Malaysia Airlines,KUL,DXB,2015-10-30T1515,2015-10-30T1850,E,N,SGD,563.0,60.8,623.8
32,163,Onward,Malaysia Airlines,DXB,KUL,2015-10-22T1935,2015-10-23T0705,E,N,SGD,563.0,60.8,623.8
33,780,Onward,Malaysia Airlines,KUL,BKK,2015-10-23T1750,2015-10-23T1855,E,N,SGD,563.0,60.8,623.8
34,797,Return,Malaysia Airlines,BKK,KUL,2015-10-30T0555,2015-10-30T0905,E,N,SGD,563.0,60.8,623.8
35,162,Return,Malaysia Airlines,KUL,DXB,2015-10-30T1515,2015-10-30T1850,E,N,SGD,563.0,60.8,623.8
36,163,Onward,Malaysia Airlines,DXB,KUL,2015-10-22T1935,2015-10-23T0705,E,N,SGD,563.0,60.8,623.8
37,782,Onward,Malaysia Airlines,KUL,BKK,2015-10-23T1515,2015-10-23T1620,E,N,SGD,563.0,60.8,623.8
38,785,Return,Malaysia Airlines,BKK,KUL,2015-10-30T1105,2015-10-30T1415,E,N,SGD,563.0,60.8,623.8
39,162,Return,Malaysia Airlines,KUL,DXB,2015-10-30T1515,2015-10-30T1850,E,N,SGD,563.0,60.8,623.8
40,163,Onward,Malaysia Airlines,DXB,KUL,2015-10-22T1935,2015-10-23T0705,E,N,SGD,563.0,60.8,623.8
41,782,Onward,Malaysia Airlines,KUL,BKK,2015-10-23T1515,2015-10-23T1620,E,N,SGD,563.0,60.8,623.8
42,797,Return,Malaysia Airlines,BKK,KUL,2015-10-30T0555,2015-10-30T0905,E,N,SGD,563.0,60.8,623.8
43,162,Return,Malaysia Airlines,KUL,DXB,2015-10-30T1515,2015-10-30T1850,E,N,SGD,563.0,60.8,623.8
44,163,Onward,Malaysia Airlines,DXB,KUL,2015-10-22T1935,2015-10-23T0705,E,N,SGD,563.0,60.8,623.8
45,784,Onward,Malaysia Airlines,KUL,BKK,2015-10-23T0910,2015-10-23T1015,E,N,SGD,563.0,60.8,623.8
46,785,Return,Malaysia Airlines,BKK,KUL,2015-10-30T1105,2015-10-30T1415,E,N,SGD,563.0,60.8,623.8
47,162,Return,Malaysia Airlines,KUL,DXB,2015-10-30T1515,2015-10-30T1850,E,N,SGD,563.0,60.8,623.8
48,163,Onward,Malaysia Airlines,DXB,KUL,2015-10-22T1935,2015-10-23T0705,E,N,SGD,563.0,60.8,623.8
49,784,Onward,Malaysia Airlines,KUL,BKK,2015-10-23T0910,2015-10-23T1015,E,N,SGD,563.0,60.8,623.8
50,797,Return,Malaysia Airlines,BKK,KUL,2015-10-30T0555,2015-10-30T0905,E,N,SGD,563.0,60.8,623.8
51,162,Return,Malaysia Airlines,KUL,DXB,2015-10-30T1515,2015-10-30T1850,E,N,SGD,563.0,60.8,623.8
52,163,Onward,Malaysia Airlines,DXB,KUL,2015-10-22T1935,2015-10-23T0705,E,N,SGD,563.0,60.8,623.8
53,788,Onward,Malaysia Airlines,KUL,BKK,2015-10-23T1220,2015-10-23T1325,E,N,SGD,563.0,60.8,623.8
54,785,Return,Malaysia Airlines,BKK,KUL,2015-10-30T1105,2015-10-30T1415,E,N,SGD,563.0,60.8,623.8
55,162,Return,Malaysia Airlines,KUL,DXB,2015-10-30T1515,2015-10-30T1850,E,N,SGD,563.0,60.8,623.8
56,163,Onward,Malaysia Airlines,DXB,KUL,2015-10-22T1935,2015-10-23T0705,E,N,SGD,563.0,60.8,623.8
57,788,Onward,Malaysia Airlines,KUL,BKK,2015-10-23T1220,2015-10-23T1325,E,N,SGD,563.0,60.8,623.8
58,797,Return,Malaysia Airlines,BKK,KUL,2015-10-30T0555,2015-10-30T0905,E,N,SGD,563.0,60.8,623.8
59,162,Return,Malaysia Airlines,KUL,DXB,2015-10-30T1515,2015-10-30T1850,E,N,SGD,563.0,60.8,623.8
60,535,Onward,JetAirways,DXB,BOM,2015-10-22T1510,2015-10-22T2000,E,V,SGD,311.0,336.4,647.4
61,62,Onward,JetAirways,BOM,BKK,2015-10-23T0105,2015-10-23T0655,E,V,SGD,311.0,336.4,647.4
62,61,Return,JetAirways,BKK,BOM,2015-10-30T0855,2015-10-30T1155,E,W,SGD,311.0,336.4,647.4
63,538,Return,JetAirways,BOM,DXB,2015-10-30T1540,2015-10-30T1735,E,V,SGD,311.0,336.4,647.4
64,535,Onward,JetAirways,DXB,BOM,2015-10-22T1510,2015-10-22T2000,E,V,SGD,311.0,336.4,647.4
65,70,Onward,JetAirways,BOM,BKK,2015-10-23T0840,2015-10-23T1440,E,V,SGD,311.0,336.4,647.4
66,61,Return,JetAirways,BKK,BOM,2015-10-30T0855,2015-10-30T1155,E,W,SGD,311.0,336.4,647.4
67,538,Return,JetAirways,BOM,DXB,2015-10-30T1540,2015-10-30T1735,E,V,SGD,311.0,336.4,647.4
68,535,Onward,JetAirways,DXB,BOM,2015-10-22T1510,2015-10-22T2000,E,V,SGD,311.0,336.4,647.4
69,70,Onward,JetAirways,BOM,BKK,2015-10-23T0840,2015-10-23T1440,E,V,SGD,311.0,336.4,647.4
70,61,Return,JetAirways,BKK,BOM,2015-10-30T0855,2015-10-30T1155,E,W,SGD,311.0,336.4,647.4
71,544,Return,JetAirways,BOM,DXB,2015-10-30T1850,2015-10-30T2045,E,V,SGD,311.0,336.4,647.4
72,537,Onward,JetAirways,DXB,BOM,2015-10-22T1845,2015-10-22T2330,E,V,SGD,311.0,336.4,647.4
73,62,Onward,JetAirways,BOM,BKK,2015-10-23T0105,2015-10-23T0655,E,V,SGD,311.0,336.4,647.4
74,61,Return,JetAirways,BKK,BOM,2015-10-30T0855,2015-10-30T1155,E,W,SGD,311.0,336.4,647.4
75,538,Return,JetAirways,BOM,DXB,2015-10-30T1540,2015-10-30T1735,E,V,SGD,311.0,336.4,647.4
76,537,Onward,JetAirways,DXB,BOM,2015-10-22T1845,2015-10-22T2330,E,V,SGD,311.0,336.4,647.4
77,70,Onward,JetAirways,BOM,BKK,2015-10-23T0840,2015-10-23T1440,E,V,SGD,311.0,336.4,647.4
78,61,Return,JetAirways,BKK,BOM,2015-10-30T0855,2015-10-30T1155,E,W,SGD,311.0,336.4,647.4
79,538,Return,JetAirways,BOM,DXB,2015-10-30T1540,2015-10-30T1735,E,V,SGD,311.0,336.4,647.4
80,537,Onward,JetAirways,DXB,BOM,2015-10-22T1845,2015-10-22T2330,E,V,SGD,311.0,336.4,647.4
81,70,Onward,JetAirways,BOM,BKK,2015-10-23T0840,2015-10-23T1440,E,V,SGD,311.0,336.4,647.4
82,61,Return,JetAirways,BKK,BOM,2015-10-30T0855,2015-10-30T1155,E,W,SGD,311.0,336.4,647.4
83,544,Return,JetAirways,BOM,DXB,2015-10-30T1850,2015-10-30T2045,E,V,SGD,311.0,336.4,647.4
84,384,Onward,China Southern Airlines,DXB,CAN,2015-10-22T0100,2015-10-22T1245,E,T,SGD,389.0,303.2,692.2
85,3035,Onward,China Southern Airlines,CAN,BKK,2015-10-22T1505,2015-10-22T1650,E,Y,SGD,389.0,303.2,692.2
86,358,Return,China Southern Airlines,BKK,CAN,2015-10-30T1155,2015-10-30T1545,E,Y,SGD,389.0,303.2,692.2
87,383,Return,China Southern Airlines,CAN,DXB,2015-10-30T1830,2015-10-30T2359,E,T,SGD,389.0,303.2,692.2
88,384,Onward,China Southern Airlines,DXB,CAN,2015-10-22T0100,2015-10-22T1245,E,T,SGD,389.0,303.2,692.2
89,361,Onward,China Southern Airlines,CAN,BKK,2015-10-22T1950,2015-10-22T2200,E,Y,SGD,389.0,303.2,692.2
90,358,Return,China Southern Airlines,BKK,CAN,2015-10-30T1155,2015-10-30T1545,E,Y,SGD,389.0,303.2,692.2
91,383,Return,China Southern Airlines,CAN,DXB,2015-10-30T1830,2015-10-30T2359,E,T,SGD,389.0,303.2,692.2
92,384,Onward,China Southern Airlines,DXB,CAN,2015-10-22T0100,2015-10-22T1245,E,T,SGD,389.0,303.2,692.2
93,363,Onward,China Southern Airlines,CAN,BKK,2015-10-22T1600,2015-10-22T1755,E,Y,SGD,389.0,303.2,692.2
94,358,Return,China Southern Airlines,BKK,CAN,2015-10-30T1155,2015-10-30T1545,E,Y,SGD,389.0,303.2,692.2
95,383,Return,China Southern Airlines,CAN,DXB,2015-10-30T1830,2015-10-30T2359,E,T,SGD,389.0,303.2,692.2
96,614,Onward,Oman Air,DXB,MCT,2015-10-22T1915,2015-10-22T2025,E,L,SGD,637.0,76.0,713.0
97,817,Onward,Oman Air,MCT,BKK,2015-10-22T2225,2015-10-23T0800,E,L,SGD,637.0,76.0,713.0
98,816,Return,Oman Air,BKK,MCT,2015-10-30T2030,2015-10-31T0020,E,L,SGD,637.0,76.0,713.0
99,601,Return,Oman Air,MCT,DXB,2015-10-31T0145,2015-10-31T0300,E,L,SGD,637.0,76.0,713.0
100,614,Onward,Oman Air,DXB,MCT,2015-10-22T1915,2015-10-22T2025,E,L,SGD,637.0,76.0,713.0
101,817,Onward,Oman Air,MCT,BKK,2015-10-22T2225,2015-10-23T0800,E,L,SGD,637.0,76.0,713.0
102,818,Return,Oman Air,BKK,MCT,2015-10-30T0920,2015-10-30T1300,E,L,SGD,637.0,76.0,713.0
103,609,Return,Oman Air,MCT,DXB,2015-10-30T1415,2015-10-30T1530,E,L,SGD,637.0,76.0,713.0
104,614,Onward,Oman Air,DXB,MCT,2015-10-22T1915,2015-10-22T2025,E,L,SGD,637.0,76.0,713.0
105,817,Onward,Oman Air,MCT,BKK,2015-10-22T2225,2015-10-23T0800,E,L,SGD,637.0,76.0,713.0
106,818,Return,Oman Air,BKK,MCT,2015-10-30T0920,2015-10-30T1300,E,L,SGD,637.0,76.0,713.0
107,613,Return,Oman Air,MCT,DXB,2015-10-30T1720,2015-10-30T1835,E,L,SGD,637.0,76.0,713.0
108,602,Onward,Oman Air,DXB,MCT,2015-10-22T0655,2015-10-22T0805,E,L,SGD,680.0,76.0,756.0
109,815,Onward,Oman Air,MCT,BKK,2015-10-22T0905,2015-10-22T1840,E,L,SGD,680.0,76.0,756.0
110,816,Return,Oman Air,BKK,MCT,2015-10-30T2030,2015-10-31T0020,E,L,SGD,680.0,76.0,756.0
111,601,Return,Oman Air,MCT,DXB,2015-10-31T0145,2015-10-31T0300,E,L,SGD,680.0,76.0,756.0
112,602,Onward,Oman Air,DXB,MCT,2015-10-22T0655,2015-10-22T0805,E,L,SGD,680.0,76.0,756.0
113,815,Onward,Oman Air,MCT,BKK,2015-10-22T0905,2015-10-22T1840,E,L,SGD,680.0,76.0,756.0
114,818,Return,Oman Air,BKK,MCT,2015-10-30T0920,2015-10-30T1300,E,L,SGD,680.0,76.0,756.0
115,609,Return,Oman Air,MCT,DXB,2015-10-30T1415,2015-10-30T1530,E,L,SGD,680.0,76.0,756.0
116,602,Onward,Oman Air,DXB,MCT,2015-10-22T0655,2015-10-22T0805,E,L,SGD,680.0,76.0,756.0
117,815,Onward,Oman Air,MCT,BKK,2015-10-22T0905,2015-10-22T1840,E,L,SGD,680.0,76.0,756.0
118,818,Return,Oman Air,BKK,MCT,2015-10-30T0920,2015-10-30T1300,E,L,SGD,680.0,76.0,756.0
119,613,Return,Oman Air,MCT,DXB,2015-10-30T1720,2015-10-30T1835,E,L,SGD,680.0,76.0,756.0
120,602,Onward,Oman Air,DXB,MCT,2015-10-22T0655,2015-10-22T0805,E,L,SGD,680.0,76.0,756.0
121,815,Onward,Oman Air,MCT,BKK,2015-10-22T0905,2015-10-22T1840,E,L,SGD,680.0,76.0,756.0
122,818,Return,Oman Air,BKK,MCT,2015-10-30T0920,2015-10-30T1300,E,L,SGD,680.0,76.0,756.0
123,623,Return,Oman Air,MCT,DXB,2015-10-30T1810,2015-10-30T1925,E,L,SGD,680.0,76.0,756.0
124,604,Onward,Oman Air,DXB,MCT,2015-10-22T1000,2015-10-22T1115,E,L,SGD,680.0,76.0,756.0
125,817,Onward,Oman Air,MCT,BKK,2015-10-22T2225,2015-10-23T0800,E,L,SGD,680.0,76.0,756.0
126,818,Return,Oman Air,BKK,MCT,2015-10-30T0920,2015-10-30T1300,E,L,SGD,680.0,76.0,756.0
127,609,Return,Oman Air,MCT,DXB,2015-10-30T1415,2015-10-30T1530,E,L,SGD,680.0,76.0,756.0
128,606,Onward,Oman Air,DXB,MCT,2015-10-22T1225,2015-10-22T1340,E,L,SGD,680.0,76.0,756.0
129,817,Onward,Oman Air,MCT,BKK,2015-10-22T2225,2015-10-23T0800,E,L,SGD,680.0,76.0,756.0
130,818,Return,Oman Air,BKK,MCT,2015-10-30T0920,2015-10-30T1300,E,L,SGD,680.0,76.0,756.0
131,609,Return,Oman Air,MCT,DXB,2015-10-30T1415,2015-10-30T1530,E,L,SGD,680.0,76.0,756.0
132,610,Onward,Oman Air,DXB,MCT,2015-10-22T1720,2015-10-22T1830,E,L,SGD,680.0,76.0,756.0
133,817,Onward,Oman Air,MCT,BKK,2015-10-22T2225,2015-10-23T0800,E,L,SGD,680.0,76.0,756.0
134,816,Return,Oman Air,BKK,MCT,2015-10-30T2030,2015-10-31T0020,E,L,SGD,680.0,76.0,756.0
135,601,Return,Oman Air,MCT,DXB,2015-10-31T0145,2015-10-31T0300,E,L,SGD,680.0,76.0,756.0
136,610,Onward,Oman Air,DXB,MCT,2015-10-22T1720,2015-10-22T1830,E,L,SGD,680.0,76.0,756.0
137,817,Onward,Oman Air,MCT,BKK,2015-10-22T2225,2015-10-23T0800,E,L,SGD,680.0,76.0,756.0
138,818,Return,Oman Air,BKK,MCT,2015-10-30T0920,2015-10-30T1300,E,L,SGD,680.0,76.0,756.0
139,609,Return,Oman Air,MCT,DXB,2015-10-30T1415,2015-10-30T1530,E,L,SGD,680.0,76.0,756.0
140,612,Onward,Oman Air,DXB,MCT,2015-10-22T2240,2015-10-22T2355,E,L,SGD,680.0,76.0,756.0
141,815,Onward,Oman Air,MCT,BKK,2015-10-23T0905,2015-10-23T1840,E,L,SGD,680.0,76.0,756.0
142,818,Return,Oman Air,BKK,MCT,2015-10-30T0920,2015-10-30T1300,E,L,SGD,680.0,76.0,756.0
143,609,Return,Oman Air,MCT,DXB,2015-10-30T1415,2015-10-30T1530,E,L,SGD,680.0,76.0,756.0
144,614,Onward,Oman Air,DXB,MCT,2015-10-22T1915,2015-10-22T2025,E,L,SGD,680.0,76.0,756.0
145,815,Onward,Oman Air,MCT,BKK,2015-10-23T0905,2015-10-23T1840,E,L,SGD,680.0,76.0,756.0
146,818,Return,Oman Air,BKK,MCT,2015-10-30T0920,2015-10-30T1300,E,L,SGD,680.0,76.0,756.0
147,609,Return,Oman Air,MCT,DXB,2015-10-30T1415,2015-10-30T1530,E,L,SGD,680.0,76.0,756.0
148,624,Onward,Oman Air,DXB,MCT,2015-10-22T2040,2015-10-22T2150,E,L,SGD,680.0,76.0,756.0
149,815,Onward,Oman Air,MCT,BKK,2015-10-23T0905,2015-10-23T1840,E,L,SGD,680.0,76.0,756.0
150,818,Return,Oman Air,BKK,MCT,2015-10-30T0920,2015-10-30T1300,E,L,SGD,680.0,76.0,756.0
151,609,Return,Oman Air,MCT,DXB,2015-10-30T1415,2015-10-30T1530,E,L,SGD,680.0,76.0,756.0
152,98,Onward,Royal Brunei,DXB,BWN,2015-10-22T0515,2015-10-22T1725,E,S,SGD,475.95,309.4,785.35
153,519,Onward,Royal Brunei,BWN,BKK,2015-10-22T1815,2015-10-22T2000,E,S,SGD,475.95,309.4,785.35
154,514,Return,Royal Brunei,BKK,BWN,2015-10-30T1340,2015-10-30T1725,E,X,SGD,475.95,309.4,785.35
155,97,Return,Royal Brunei,BWN,DXB,2015-10-30T2035,2015-10-31T0130,E,X,SGD,475.95,309.4,785.35
156,537,Onward,JetAirways,DXB,BOM,2015-10-22T1845,2015-10-22T2330,E,V,SGD,494.0,336.4,830.4
157,62,Onward,JetAirways,BOM,BKK,2015-10-23T0105,2015-10-23T0655,E,V,SGD,494.0,336.4,830.4
158,63,Return,JetAirways,BKK,DEL,2015-10-30T1535,2015-10-30T1845,E,K,SGD,494.0,336.4,830.4
159,548,Return,JetAirways,DEL,DXB,2015-10-30T1945,2015-10-30T2220,E,K,SGD,494.0,336.4,830.4
160,1003,Onward,Qatar Airways,DXB,DOH,2015-10-22T0630,2015-10-22T0640,E,N,SGD,614.0,231.0,845.0
161,832,Onward,Qatar Airways,DOH,BKK,2015-10-22T0840,2015-10-22T1905,E,N,SGD,614.0,231.0,845.0
162,831,Return,Qatar Airways,BKK,DOH,2015-10-30T0835,2015-10-30T1135,E,N,SGD,614.0,231.0,845.0
163,1016,Return,Qatar Airways,DOH,DXB,2015-10-30T1300,2015-10-30T1510,E,N,SGD,614.0,231.0,845.0
164,1003,Onward,Qatar Airways,DXB,DOH,2015-10-22T0630,2015-10-22T0640,E,N,SGD,614.0,231.0,845.0
165,832,Onward,Qatar Airways,DOH,BKK,2015-10-22T0840,2015-10-22T1905,E,N,SGD,614.0,231.0,845.0
166,833,Return,Qatar Airways,BKK,DOH,2015-10-30T2045,2015-10-30T2355,E,N,SGD,614.0,231.0,845.0
167,1002,Return,Qatar Airways,DOH,DXB,2015-10-31T0100,2015-10-31T0310,E,N,SGD,614.0,231.0,845.0
168,1003,Onward,Qatar Airways,DXB,DOH,2015-10-22T0630,2015-10-22T0640,E,N,SGD,614.0,231.0,845.0
169,832,Onward,Qatar Airways,DOH,BKK,2015-10-22T0840,2015-10-22T1905,E,N,SGD,614.0,231.0,845.0
170,833,Return,Qatar Airways,BKK,DOH,2015-10-30T2045,2015-10-30T2355,E,N,SGD,614.0,231.0,845.0
171,1004,Return,Qatar Airways,DOH,DXB,2015-10-31T0200,2015-10-31T0410,E,N,SGD,614.0,231.0,845.0
172,1003,Onward,Qatar Airways,DXB,DOH,2015-10-22T0630,2015-10-22T0640,E,N,SGD,614.0,231.0,845.0
173,832,Onward,Qatar Airways,DOH,BKK,2015-10-22T0840,2015-10-22T1905,E,N,SGD,614.0,231.0,845.0
174,833,Return,Qatar Airways,BKK,DOH,2015-10-30T2045,2015-10-30T2355,E,N,SGD,614.0,231.0,845.0
175,1032,Return,Qatar Airways,DOH,DWC,2015-10-31T0135,2015-10-31T0340,E,N,SGD,614.0,231.0,845.0
176,1003,Onward,Qatar Airways,DXB,DOH,2015-10-22T0630,2015-10-22T0640,E,N,SGD,614.0,231.0,845.0
177,832,Onward,Qatar Airways,DOH,BKK,2015-10-22T0840,2015-10-22T1905,E,N,SGD,614.0,231.0,845.0
178,835,Return,Qatar Airways,BKK,DOH,2015-10-30T1955,2015-10-30T2255,E,N,SGD,614.0,231.0,845.0
179,1002,Return,Qatar Airways,DOH,DXB,2015-10-31T0100,2015-10-31T0310,E,N,SGD,614.0,231.0,845.0
180,1003,Onward,Qatar Airways,DXB,DOH,2015-10-22T0630,2015-10-22T0640,E,N,SGD,614.0,231.0,845.0
181,832,Onward,Qatar Airways,DOH,BKK,2015-10-22T0840,2015-10-22T1905,E,N,SGD,614.0,231.0,845.0
182,835,Return,Qatar Airways,BKK,DOH,2015-10-30T1955,2015-10-30T2255,E,N,SGD,614.0,231.0,845.0
183,1020,Return,Qatar Airways,DOH,DXB,2015-10-30T2359,2015-10-31T0210,E,N,SGD,614.0,231.0,845.0
184,1003,Onward,Qatar Airways,DXB,DOH,2015-10-22T0630,2015-10-22T0640,E,N,SGD,614.0,231.0,845.0
185,832,Onward,Qatar Airways,DOH,BKK,2015-10-22T0840,2015-10-22T1905,E,N,SGD,614.0,231.0,845.0
186,835,Return,Qatar Airways,BKK,DOH,2015-10-30T1955,2015-10-30T2255,E,N,SGD,614.0,231.0,845.0
187,1032,Return,Qatar Airways,DOH,DWC,2015-10-31T0135,2015-10-31T0340,E,N,SGD,614.0,231.0,845.0
188,1003,Onward,Qatar Airways,DXB,DOH,2015-10-22T0630,2015-10-22T0640,E,N,SGD,614.0,231.0,845.0
189,832,Onward,Qatar Airways,DOH,BKK,2015-10-22T0840,2015-10-22T1905,E,N,SGD,614.0,231.0,845.0
190,837,Return,Qatar Airways,BKK,DOH,2015-10-30T0140,2015-10-30T0440,E,N,SGD,614.0,231.0,845.0
191,1000,Return,Qatar Airways,DOH,DXB,2015-10-30T0700,2015-10-30T0910,E,N,SGD,614.0,231.0,845.0
192,1003,Onward,Qatar Airways,DXB,DOH,2015-10-22T0630,2015-10-22T0640,E,N,SGD,614.0,231.0,845.0
193,832,Onward,Qatar Airways,DOH,BKK,2015-10-22T0840,2015-10-22T1905,E,N,SGD,614.0,231.0,845.0
194,837,Return,Qatar Airways,BKK,DOH,2015-10-30T0140,2015-10-30T0440,E,N,SGD,614.0,231.0,845.0
195,1024,Return,Qatar Airways,DOH,DXB,2015-10-30T0600,2015-10-30T0810,E,N,SGD,614.0,231.0,845.0
196,1003,Onward,Qatar Airways,DXB,DOH,2015-10-22T0630,2015-10-22T0640,E,N,SGD,614.0,231.0,845.0
197,832,Onward,Qatar Airways,DOH,BKK,2015-10-22T0840,2015-10-22T1905,E,N,SGD,614.0,231.0,845.0
198,837,Return,Qatar Airways,BKK,DOH,2015-10-30T0140,2015-10-30T0440,E,N,SGD,614.0,231.0,845.0
199,1028,Return,Qatar Airways,DOH,DWC,2015-10-30T0550,2015-10-30T0755,E,N,SGD,614.0,231.0,845.0
200,1005,Onward,Qatar Airways,DXB,DOH,2015-10-22T0730,2015-10-22T0740,E,N,SGD,614.0,231.0,845.0
201,832,Onward,Qatar Airways,DOH,BKK,2015-10-22T0840,2015-10-22T1905,E,N,SGD,614.0,231.0,845.0
202,831,Return,Qatar Airways,BKK,DOH,2015-10-30T0835,2015-10-30T1135,E,N,SGD,614.0,231.0,845.0
203,1016,Return,Qatar Airways,DOH,DXB,2015-10-30T1300,2015-10-30T1510,E,N,SGD,614.0,231.0,845.0
204,1005,Onward,Qatar Airways,DXB,DOH,2015-10-22T0730,2015-10-22T0740,E,N,SGD,614.0,231.0,845.0
205,832,Onward,Qatar Airways,DOH,BKK,2015-10-22T0840,2015-10-22T1905,E,N,SGD,614.0,231.0,845.0
206,833,Return,Qatar Airways,BKK,DOH,2015-10-30T2045,2015-10-30T2355,E,N,SGD,614.0,231.0,845.0
207,1002,Return,Qatar Airways,DOH,DXB,2015-10-31T0100,2015-10-31T0310,E,N,SGD,614.0,231.0,845.0
208,1005,Onward,Qatar Airways,DXB,DOH,2015-10-22T0730,2015-10-22T0740,E,N,SGD,614.0,231.0,845.0
209,832,Onward,Qatar Airways,DOH,BKK,2015-10-22T0840,2015-10-22T1905,E,N,SGD,614.0,231.0,845.0
210,833,Return,Qatar Airways,BKK,DOH,2015-10-30T2045,2015-10-30T2355,E,N,SGD,614.0,231.0,845.0
211,1004,Return,Qatar Airways,DOH,DXB,2015-10-31T0200,2015-10-31T0410,E,N,SGD,614.0,231.0,845.0
212,1005,Onward,Qatar Airways,DXB,DOH,2015-10-22T0730,2015-10-22T0740,E,N,SGD,614.0,231.0,845.0
213,832,Onward,Qatar Airways,DOH,BKK,2015-10-22T0840,2015-10-22T1905,E,N,SGD,614.0,231.0,845.0
214,833,Return,Qatar Airways,BKK,DOH,2015-10-30T2045,2015-10-30T2355,E,N,SGD,614.0,231.0,845.0
215,1032,Return,Qatar Airways,DOH,DWC,2015-10-31T0135,2015-10-31T0340,E,N,SGD,614.0,231.0,845.0
216,1005,Onward,Qatar Airways,DXB,DOH,2015-10-22T0730,2015-10-22T0740,E,N,SGD,614.0,231.0,845.0
217,832,Onward,Qatar Airways,DOH,BKK,2015-10-22T0840,2015-10-22T1905,E,N,SGD,614.0,231.0,845.0
218,835,Return,Qatar Airways,BKK,DOH,2015-10-30T1955,2015-10-30T2255,E,N,SGD,614.0,231.0,845.0
219,1002,Return,Qatar Airways,DOH,DXB,2015-10-31T0100,2015-10-31T0310,E,N,SGD,614.0,231.0,845.0
220,1005,Onward,Qatar Airways,DXB,DOH,2015-10-22T0730,2015-10-22T0740,E,N,SGD,614.0,231.0,845.0
221,832,Onward,Qatar Airways,DOH,BKK,2015-10-22T0840,2015-10-22T1905,E,N,SGD,614.0,231.0,845.0
222,835,Return,Qatar Airways,BKK,DOH,2015-10-30T1955,2015-10-30T2255,E,N,SGD,614.0,231.0,845.0
223,1020,Return,Qatar Airways,DOH,DXB,2015-10-30T2359,2015-10-31T0210,E,N,SGD,614.0,231.0,845.0
224,1005,Onward,Qatar Airways,DXB,DOH,2015-10-22T0730,2015-10-22T0740,E,N,SGD,614.0,231.0,845.0
225,832,Onward,Qatar Airways,DOH,BKK,2015-10-22T0840,2015-10-22T1905,E,N,SGD,614.0,231.0,845.0
226,835,Return,Qatar Airways,BKK,DOH,2015-10-30T1955,2015-10-30T2255,E,N,SGD,614.0,231.0,845.0
227,1032,Return,Qatar Airways,DOH,DWC,2015-10-31T0135,2015-10-31T0340,E,N,SGD,614.0,231.0,845.0
228,1005,Onward,Qatar Airways,DXB,DOH,2015-10-22T0730,2015-10-22T0740,E,N,SGD,614.0,231.0,845.0
229,832,Onward,Qatar Airways,DOH,BKK,2015-10-22T0840,2015-10-22T1905,E,N,SGD,614.0,231.0,845.0
230,837,Return,Qatar Airways,BKK,DOH,2015-10-30T0140,2015-10-30T0440,E,N,SGD,614.0,231.0,845.0
231,1000,Return,Qatar Airways,DOH,DXB,2015-10-30T0700,2015-10-30T0910,E,N,SGD,614.0,231.0,845.0
232,1005,Onward,Qatar Airways,DXB,DOH,2015-10-22T0730,2015-10-22T0740,E,N,SGD,614.0,231.0,845.0
233,832,Onward,Qatar Airways,DOH,BKK,2015-10-22T0840,2015-10-22T1905,E,N,SGD,614.0,231.0,845.0
234,837,Return,Qatar Airways,BKK,DOH,2015-10-30T0140,2015-10-30T0440,E,N,SGD,614.0,231.0,845.0
235,1024,Return,Qatar Airways,DOH,DXB,2015-10-30T0600,2015-10-30T0810,E,N,SGD,614.0,231.0,845.0
236,1005,Onward,Qatar Airways,DXB,DOH,2015-10-22T0730,2015-10-22T0740,E,N,SGD,614.0,231.0,845.0
237,832,Onward,Qatar Airways,DOH,BKK,2015-10-22T0840,2015-10-22T1905,E,N,SGD,614.0,231.0,845.0
238,837,Return,Qatar Airways,BKK,DOH,2015-10-30T0140,2015-10-30T0440,E,N,SGD,614.0,231.0,845.0
239,1028,Return,Qatar Airways,DOH,DWC,2015-10-30T0550,2015-10-30T0755,E,N,SGD,614.0,231.0,845.0
240,1011,Onward,Qatar Airways,DXB,DOH,2015-10-22T1530,2015-10-22T1540,E,N,SGD,614.0,231.0,845.0
241,830,Onward,Qatar Airways,DOH,BKK,2015-10-22T2100,2015-10-23T0725,E,N,SGD,614.0,231.0,845.0
242,835,Return,Qatar Airways,BKK,DOH,2015-10-30T1955,2015-10-30T2255,E,N,SGD,614.0,231.0,845.0
243,1020,Return,Qatar Airways,DOH,DXB,2015-10-30T2359,2015-10-31T0210,E,N,SGD,614.0,231.0,845.0
244,1011,Onward,Qatar Airways,DXB,DOH,2015-10-22T1530,2015-10-22T1540,E,N,SGD,614.0,231.0,845.0
245,830,Onward,Qatar Airways,DOH,BKK,2015-10-22T2100,2015-10-23T0725,E,N,SGD,614.0,231.0,845.0
246,837,Return,Qatar Airways,BKK,DOH,2015-10-30T0140,2015-10-30T0440,E,N,SGD,614.0,231.0,845.0
247,1028,Return,Qatar Airways,DOH,DWC,2015-10-30T0550,2015-10-30T0755,E,N,SGD,614.0,231.0,845.0
248,1013,Onward,Qatar Airways,DXB,DOH,2015-10-22T1830,2015-10-22T1840,E,N,SGD,614.0,231.0,845.0
249,830,Onward,Qatar Airways,DOH,BKK,2015-10-22T2100,2015-10-23T0725,E,N,SGD,614.0,231.0,845.0
250,831,Return,Qatar Airways,BKK,DOH,2015-10-30T0835,2015-10-30T1135,E,N,SGD,614.0,231.0,845.0
251,1016,Return,Qatar Airways,DOH,DXB,2015-10-30T1300,2015-10-30T1510,E,N,SGD,614.0,231.0,845.0
252,1013,Onward,Qatar Airways,DXB,DOH,2015-10-22T1830,2015-10-22T1840,E,N,SGD,614.0,231.0,845.0
253,830,Onward,Qatar Airways,DOH,BKK,2015-10-22T2100,2015-10-23T0725,E,N,SGD,614.0,231.0,845.0
254,833,Return,Qatar Airways,BKK,DOH,2015-10-30T2045,2015-10-30T2355,E,N,SGD,614.0,231.0,845.0
255,1002,Return,Qatar Airways,DOH,DXB,2015-10-31T0100,2015-10-31T0310,E,N,SGD,614.0,231.0,845.0
256,1013,Onward,Qatar Airways,DXB,DOH,2015-10-22T1830,2015-10-22T1840,E,N,SGD,614.0,231.0,845.0
257,830,Onward,Qatar Airways,DOH,BKK,2015-10-22T2100,2015-10-23T0725,E,N,SGD,614.0,231.0,845.0
258,833,Return,Qatar Airways,BKK,DOH,2015-10-30T2045,2015-10-30T2355,E,N,SGD,614.0,231.0,845.0
259,1004,Return,Qatar Airways,DOH,DXB,2015-10-31T0200,2015-10-31T0410,E,N,SGD,614.0,231.0,845.0
260,1013,Onward,Qatar Airways,DXB,DOH,2015-10-22T1830,2015-10-22T1840,E,N,SGD,614.0,231.0,845.0
261,830,Onward,Qatar Airways,DOH,BKK,2015-10-22T2100,2015-10-23T0725,E,N,SGD,614.0,231.0,845.0
262,833,Return,Qatar Airways,BKK,DOH,2015-10-30T2045,2015-10-30T2355,E,N,SGD,614.0,231.0,845.0
263,1032,Return,Qatar Airways,DOH,DWC,2015-10-31T0135,2015-10-31T0340,E,N,SGD,614.0,231.0,845.0
264,1013,Onward,Qatar Airways,DXB,DOH,2015-10-22T1830,2015-10-22T1840,E,N,SGD,614.0,231.0,845.0
265,830,Onward,Qatar Airways,DOH,BKK,2015-10-22T2100,2015-10-23T0725,E,N,SGD,614.0,231.0,845.0
266,835,Return,Qatar Airways,BKK,DOH,2015-10-30T1955,2015-10-30T2255,E,N,SGD,614.0,231.0,845.0
267,1002,Return,Qatar Airways,DOH,DXB,2015-10-31T0100,2015-10-31T0310,E,N,SGD,614.0,231.0,845.0
268,1013,Onward,Qatar Airways,DXB,DOH,2015-10-22T1830,2015-10-22T1840,E,N,SGD,614.0,231.0,845.0
269,830,Onward,Qatar Airways,DOH,BKK,2015-10-22T2100,2015-10-23T0725,E,N,SGD,614.0,231.0,845.0
270,835,Return,Qatar Airways,BKK,DOH,2015-10-30T1955,2015-10-30T2255,E,N,SGD,614.0,231.0,845.0
271,1020,Return,Qatar Airways,DOH,DXB,2015-10-30T2359,2015-10-31T0210,E,N,SGD,614.0,231.0,845.0
272,1013,Onward,Qatar Airways,DXB,DOH,2015-10-22T1830,2015-10-22T1840,E,N,SGD,614.0,231.0,845.0
273,830,Onward,Qatar Airways,DOH,BKK,2015-10-22T2100,2015-10-23T0725,E,N,SGD,614.0,231.0,845.0
274,835,Return,Qatar Airways,BKK,DOH,2015-10-30T1955,2015-10-30T2255,E,N,SGD,614.0,231.0,845.0
275,1032,Return,Qatar Airways,DOH,DWC,2015-10-31T0135,2015-10-31T0340,E,N,SGD,614.0,231.0,845.0
276,1013,Onward,Qatar Airways,DXB,DOH,2015-10-22T1830,2015-10-22T1840,E,N,SGD,614.0,231.0,845.0
277,830,Onward,Qatar Airways,DOH,BKK,2015-10-22T2100,2015-10-23T0725,E,N,SGD,614.0,231.0,845.0
278,837,Return,Qatar Airways,BKK,DOH,2015-10-30T0140,2015-10-30T0440,E,N,SGD,614.0,231.0,845.0
279,1000,Return,Qatar Airways,DOH,DXB,2015-10-30T0700,2015-10-30T0910,E,N,SGD,614.0,231.0,845.0
280,1013,Onward,Qatar Airways,DXB,DOH,2015-10-22T1830,2015-10-22T1840,E,N,SGD,614.0,231.0,845.0
281,830,Onward,Qatar Airways,DOH,BKK,2015-10-22T2100,2015-10-23T0725,E,N,SGD,614.0,231.0,845.0
282,837,Return,Qatar Airways,BKK,DOH,2015-10-30T0140,2015-10-30T0440,E,N,SGD,614.0,231.0,845.0
283,1024,Return,Qatar Airways,DOH,DXB,2015-10-30T0600,2015-10-30T0810,E,N,SGD,614.0,231.0,845.0
284,1013,Onward,Qatar Airways,DXB,DOH,2015-10-22T1830,2015-10-22T1840,E,N,SGD,614.0,231.0,845.0
285,830,Onward,Qatar Airways,DOH,BKK,2015-10-22T2100,2015-10-23T0725,E,N,SGD,614.0,231.0,845.0
286,837,Return,Qatar Airways,BKK,DOH,2015-10-30T0140,2015-10-30T0440,E,N,SGD,614.0,231.0,845.0
287,1028,Return,Qatar Airways,DOH,DWC,2015-10-30T0550,2015-10-30T0755,E,N,SGD,614.0,231.0,845.0
288,1015,Onward,Qatar Airways,DXB,DOH,2015-10-22T0030,2015-10-22T0040,E,N,SGD,614.0,231.0,845.0
289,836,Onward,Qatar Airways,DOH,BKK,2015-10-22T0215,2015-10-22T1240,E,N,SGD,614.0,231.0,845.0
290,831,Return,Qatar Airways,BKK,DOH,2015-10-30T0835,2015-10-30T1135,E,N,SGD,614.0,231.0,845.0
291,1016,Return,Qatar Airways,DOH,DXB,2015-10-30T1300,2015-10-30T1510,E,N,SGD,614.0,231.0,845.0
292,1015,Onward,Qatar Airways,DXB,DOH,2015-10-22T0030,2015-10-22T0040,E,N,SGD,614.0,231.0,845.0
293,836,Onward,Qatar Airways,DOH,BKK,2015-10-22T0215,2015-10-22T1240,E,N,SGD,614.0,231.0,845.0
294,833,Return,Qatar Airways,BKK,DOH,2015-10-30T2045,2015-10-30T2355,E,N,SGD,614.0,231.0,845.0
295,1002,Return,Qatar Airways,DOH,DXB,2015-10-31T0100,2015-10-31T0310,E,N,SGD,614.0,231.0,845.0
296,1015,Onward,Qatar Airways,DXB,DOH,2015-10-22T0030,2015-10-22T0040,E,N,SGD,614.0,231.0,845.0
297,836,Onward,Qatar Airways,DOH,BKK,2015-10-22T0215,2015-10-22T1240,E,N,SGD,614.0,231.0,845.0
298,833,Return,Qatar Airways,BKK,DOH,2015-10-30T2045,2015-10-30T2355,E,N,SGD,614.0,231.0,845.0
299,1004,Return,Qatar Airways,DOH,DXB,2015-10-31T0200,2015-10-31T0410,E,N,SGD,614.0,231.0,845.0
300,1015,Onward,Qatar Airways,DXB,DOH,2015-10-22T0030,2015-10-22T0040,E,N,SGD,614.0,231.0,845.0
301,836,Onward,Qatar Airways,DOH,BKK,2015-10-22T0215,2015-10-22T1240,E,N,SGD,614.0,231.0,845.0
302,833,Return,Qatar Airways,BKK,DOH,2015-10-30T2045,2015-10-30T2355,E,N,SGD,614.0,231.0,845.0
303,1032,Return,Qatar Airways,DOH,DWC,2015-10-31T0135,2015-10-31T0340,E,N,SGD,614.0,231.0,845.0
304,1015,Onward,Qatar Airways,DXB,DOH,2015-10-22T0030,2015-10-22T0040,E,N,SGD,614.0,231.0,845.0
305,836,Onward,Qatar Airways,DOH,BKK,2015-10-22T0215,2015-10-22T1240,E,N,SGD,614.0,231.0,845.0
306,835,Return,Qatar Airways,BKK,DOH,2015-10-30T1955,2015-10-30T2255,E,N,SGD,614.0,231.0,845.0
307,1002,Return,Qatar Airways,DOH,DXB,2015-10-31T0100,2015-10-31T0310,E,N,SGD,614.0,231.0,845.0
308,1015,Onward,Qatar Airways,DXB,DOH,2015-10-22T0030,2015-10-22T0040,E,N,SGD,614.0,231.0,845.0
309,836,Onward,Qatar Airways,DOH,BKK,2015-10-22T0215,2015-10-22T1240,E,N,SGD,614.0,231.0,845.0
310,835,Return,Qatar Airways,BKK,DOH,2015-10-30T1955,2015-10-30T2255,E,N,SGD,614.0,231.0,845.0
311,1020,Return,Qatar Airways,DOH,DXB,2015-10-30T2359,2015-10-31T0210,E,N,SGD,614.0,231.0,845.0
312,1015,Onward,Qatar Airways,DXB,DOH,2015-10-22T0030,2015-10-22T0040,E,N,SGD,614.0,231.0,845.0
313,836,Onward,Qatar Airways,DOH,BKK,2015-10-22T0215,2015-10-22T1240,E,N,SGD,614.0,231.0,845.0
314,835,Return,Qatar Airways,BKK,DOH,2015-10-30T1955,2015-10-30T2255,E,N,SGD,614.0,231.0,845.0
315,1032,Return,Qatar Airways,DOH,DWC,2015-10-31T0135,2015-10-31T0340,E,N,SGD,614.0,231.0,845.0
316,1015,Onward,Qatar Airways,DXB,DOH,2015-10-22T0030,2015-10-22T0040,E,N,SGD,614.0,231.0,845.0
317,836,Onward,Qatar Airways,DOH,BKK,2015-10-22T0215,2015-10-22T1240,E,N,SGD,614.0,231.0,845.0
318,837,Return,Qatar Airways,BKK,DOH,2015-10-30T0140,2015-10-30T0440,E,N,SGD,614.0,231.0,845.0
319,1000,Return,Qatar Airways,DOH,DXB,2015-10-30T0700,2015-10-30T0910,E,N,SGD,614.0,231.0,845.0
320,1015,Onward,Qatar Airways,DXB,DOH,2015-10-22T0030,2015-10-22T0040,E,N,SGD,614.0,231.0,845.0
321,836,Onward,Qatar Airways,DOH,BKK,2015-10-22T0215,2015-10-22T1240,E,N,SGD,614.0,231.0,845.0
322,837,Return,Qatar Airways,BKK,DOH,2015-10-30T0140,2015-10-30T0440,E,N,SGD,614.0,231.0,845.0
323,1024,Return,Qatar Airways,DOH,DXB,2015-10-30T0600,2015-10-30T0810,E,N,SGD,614.0,231.0,845.0
324,1015,Onward,Qatar Airways,DXB,DOH,2015-10-22T0030,2015-10-22T0040,E,N,SGD,614.0,231.0,845.0
325,836,Onward,Qatar Airways,DOH,BKK,2015-10-22T0215,2015-10-22T1240,E,N,SGD,614.0,231.0,845.0
326,837,Return,Qatar Airways,BKK,DOH,2015-10-30T0140,2015-10-30T0440,E,N,SGD,614.0,231.0,845.0
327,1028,Return,Qatar Airways,DOH,DWC,2015-10-30T0550,2015-10-30T0755,E,N,SGD,614.0,231.0,845.0
328,1017,Onward,Qatar Airways,DXB,DOH,2015-10-22T1630,2015-10-22T1640,E,N,SGD,614.0,231.0,845.0
329,830,Onward,Qatar Airways,DOH,BKK,2015-10-22T2100,2015-10-23T0725,E,N,SGD,614.0,231.0,845.0
330,831,Return,Qatar Airways,BKK,DOH,2015-10-30T0835,2015-10-30T1135,E,N,SGD,614.0,231.0,845.0
331,1016,Return,Qatar Airways,DOH,DXB,2015-10-30T1300,2015-10-30T1510,E,N,SGD,614.0,231.0,845.0
332,1017,Onward,Qatar Airways,DXB,DOH,2015-10-22T1630,2015-10-22T1640,E,N,SGD,614.0,231.0,845.0
333,830,Onward,Qatar Airways,DOH,BKK,2015-10-22T2100,2015-10-23T0725,E,N,SGD,614.0,231.0,845.0
334,833,Return,Qatar Airways,BKK,DOH,2015-10-30T2045,2015-10-30T2355,E,N,SGD,614.0,231.0,845.0
335,1002,Return,Qatar Airways,DOH,DXB,2015-10-31T0100,2015-10-31T0310,E,N,SGD,614.0,231.0,845.0
336,1017,Onward,Qatar Airways,DXB,DOH,2015-10-22T1630,2015-10-22T1640,E,N,SGD,614.0,231.0,845.0
337,830,Onward,Qatar Airways,DOH,BKK,2015-10-22T2100,2015-10-23T0725,E,N,SGD,614.0,231.0,845.0
338,833,Return,Qatar Airways,BKK,DOH,2015-10-30T2045,2015-10-30T2355,E,N,SGD,614.0,231.0,845.0
339,1032,Return,Qatar Airways,DOH,DWC,2015-10-31T0135,2015-10-31T0340,E,N,SGD,614.0,231.0,845.0
340,1017,Onward,Qatar Airways,DXB,DOH,2015-10-22T1630,2015-10-22T1640,E,N,SGD,614.0,231.0,845.0
341,830,Onward,Qatar Airways,DOH,BKK,2015-10-22T2100,2015-10-23T0725,E,N,SGD,614.0,231.0,845.0
342,835,Return,Qatar Airways,BKK,DOH,2015-10-30T1955,2015-10-30T2255,E,N,SGD,614.0,231.0,845.0
343,1002,Return,Qatar Airways,DOH,DXB,2015-10-31T0100,2015-10-31T0310,E,N,SGD,614.0,231.0,845.0
344,1017,Onward,Qatar Airways,DXB,DOH,2015-10-22T1630,2015-10-22T1640,E,N,SGD,614.0,231.0,845.0
345,830,Onward,Qatar Airways,DOH,BKK,2015-10-22T2100,2015-10-23T0725,E,N,SGD,614.0,231.0,845.0
346,835,Return,Qatar Airways,BKK,DOH,2015-10-30T1955,2015-10-30T2255,E,N,SGD,614.0,231.0,845.0
347,1020,Return,Qatar Airways,DOH,DXB,2015-10-30T2359,2015-10-31T0210,E,N,SGD,614.0,231.0,845.0
348,1017,Onward,Qatar Airways,DXB,DOH,2015-10-22T1630,2015-10-22T1640,E,N,SGD,614.0,231.0,845.0
349,830,Onward,Qatar Airways,DOH,BKK,2015-10-22T2100,2015-10-23T0725,E,N,SGD,614.0,231.0,845.0
350,837,Return,Qatar Airways,BKK,DOH,2015-10-30T0140,2015-10-30T0440,E,N,SGD,614.0,231.0,845.0
351,1024,Return,Qatar Airways,DOH,DXB,2015-10-30T0600,2015-10-30T0810,E,N,SGD,614.0,231.0,845.0
352,1017,Onward,Qatar Airways,DXB,DOH,2015-10-22T1630,2015-10-22T1640,E,N,SGD,614.0,231.0,845.0
353,830,Onward,Qatar Airways,DOH,BKK,2015-10-22T2100,2015-10-23T0725,E,N,SGD,614.0,231.0,845.0
354,837,Return,Qatar Airways,BKK,DOH,2015-10-30T0140,2015-10-30T0440,E,N,SGD,614.0,231.0,845.0
355,1028,Return,Qatar Airways,DOH,DWC,2015-10-30T0550,2015-10-30T0755,E,N,SGD,614.0,231.0,845.0
356,1019,Onward,Qatar Airways,DXB,DOH,2015-10-22T2230,2015-10-22T2240,E,N,SGD,614.0,231.0,845.0
357,836,Onward,Qatar Airways,DOH,BKK,2015-10-23T0215,2015-10-23T1240,E,N,SGD,614.0,231.0,845.0
358,831,Return,Qatar Airways,BKK,DOH,2015-10-30T0835,2015-10-30T1135,E,N,SGD,614.0,231.0,845.0
359,1016,Return,Qatar Airways,DOH,DXB,2015-10-30T1300,2015-10-30T1510,E,N,SGD,614.0,231.0,845.0
360,1019,Onward,Qatar Airways,DXB,DOH,2015-10-22T2230,2015-10-22T2240,E,N,SGD,614.0,231.0,845.0
361,836,Onward,Qatar Airways,DOH,BKK,2015-10-23T0215,2015-10-23T1240,E,N,SGD,614.0,231.0,845.0
362,833,Return,Qatar Airways,BKK,DOH,2015-10-30T2045,2015-10-30T2355,E,N,SGD,614.0,231.0,845.0
363,1002,Return,Qatar Airways,DOH,DXB,2015-10-31T0100,2015-10-31T0310,E,N,SGD,614.0,231.0,845.0
364,1019,Onward,Qatar Airways,DXB,DOH,2015-10-22T2230,2015-10-22T2240,E,N,SGD,614.0,231.0,845.0
365,836,Onward,Qatar Airways,DOH,BKK,2015-10-23T0215,2015-10-23T1240,E,N,SGD,614.0,231.0,845.0
366,833,Return,Qatar Airways,BKK,DOH,2015-10-30T2045,2015-10-30T2355,E,N,SGD,614.0,231.0,845.0
367,1004,Return,Qatar Airways,DOH,DXB,2015-10-31T0200,2015-10-31T0410,E,N,SGD,614.0,231.0,845.0
368,1019,Onward,Qatar Airways,DXB,DOH,2015-10-22T2230,2015-10-22T2240,E,N,SGD,614.0,231.0,845.0
369,836,Onward,Qatar Airways,DOH,BKK,2015-10-23T0215,2015-10-23T1240,E,N,SGD,614.0,231.0,845.0
370,833,Return,Qatar Airways,BKK,DOH,2015-10-30T2045,2015-10-30T2355,E,N,SGD,614.0,231.0,845.0
371,1032,Return,Qatar Airways,DOH,DWC,2015-10-31T0135,2015-10-31T0340,E,N,SGD,614.0,231.0,845.0
372,1019,Onward,Qatar Airways,DXB,DOH,2015-10-22T2230,2015-10-22T2240,E,N,SGD,614.0,231.0,845.0
373,836,Onward,Qatar Airways,DOH,BKK,2015-10-23T0215,2015-10-23T1240,E,N,SGD,614.0,231.0,845.0
374,835,Return,Qatar Airways,BKK,DOH,2015-10-30T1955,2015-10-30T2255,E,N,SGD,614.0,231.0,845.0
375,1002,Return,Qatar Airways,DOH,DXB,2015-10-31T0100,2015-10-31T0310,E,N,SGD,614.0,231.0,845.0
376,1019,Onward,Qatar Airways,DXB,DOH,2015-10-22T2230,2015-10-22T2240,E,N,SGD,614.0,231.0,845.0
377,836,Onward,Qatar Airways,DOH,BKK,2015-10-23T0215,2015-10-23T1240,E,N,SGD,614.0,231.0,845.0
378,835,Return,Qatar Airways,BKK,DOH,2015-10-30T1955,2015-10-30T2255,E,N,SGD,614.0,231.0,845.0
379,1020,Return,Qatar Airways,DOH,DXB,2015-10-30T2359,2015-10-31T0210,E,N,SGD,614.0,231.0,845.0
380,1019,Onward,Qatar Airways,DXB,DOH,2015-10-22T2230,2015-10-22T2240,E,N,SGD,614.0,231.0,845.0
381,836,Onward,Qatar Airways,DOH,BKK,2015-10-23T0215,2015-10-23T1240,E,N,SGD,614.0,231.0,845.0
382,837,Return,Qatar Airways,BKK,DOH,2015-10-30T0140,2015-10-30T0440,E,N,SGD,614.0,231.0,845.0
383,1000,Return,Qatar Airways,DOH,DXB,2015-10-30T0700,2015-10-30T0910,E,N,SGD,614.0,231.0,845.0
384,1019,Onward,Qatar Airways,DXB,DOH,2015-10-22T2230,2015-10-22T2240,E,N,SGD,614.0,231.0,845.0
385,836,Onward,Qatar Airways,DOH,BKK,2015-10-23T0215,2015-10-23T1240,E,N,SGD,614.0,231.0,845.0
386,837,Return,Qatar Airways,BKK,DOH,2015-10-30T0140,2015-10-30T0440,E,N,SGD,614.0,231.0,845.0
387,1024,Return,Qatar Airways,DOH,DXB,2015-10-30T0600,2015-10-30T0810,E,N,SGD,614.0,231.0,845.0
388,1019,Onward,Qatar Airways,DXB,DOH,2015-10-22T2230,2015-10-22T2240,E,N,SGD,614.0,231.0,845.0
389,836,Onward,Qatar Airways,DOH,BKK,2015-10-23T0215,2015-10-23T1240,E,N,SGD,614.0,231.0,845.0
390,837,Return,Qatar Airways,BKK,DOH,2015-10-30T0140,2015-10-30T0440,E,N,SGD,614.0,231.0,845.0
391,1028,Return,Qatar Airways,DOH,DWC,2015-10-30T0550,2015-10-30T0755,E,N,SGD,614.0,231.0,845.0
392,1021,Onward,Qatar Airways,DXB,DOH,2015-10-22T0530,2015-10-22T0540,E,N,SGD,614.0,231.0,845.0
393,832,Onward,Qatar Airways,DOH,BKK,2015-10-22T0840,2015-10-22T1905,E,N,SGD,614.0,231.0,845.0
394,831,Return,Qatar Airways,BKK,DOH,2015-10-30T0835,2015-10-30T1135,E,N,SGD,614.0,231.0,845.0
395,1016,Return,Qatar Airways,DOH,DXB,2015-10-30T1300,2015-10-30T1510,E,N,SGD,614.0,231.0,845.0
396,1021,Onward,Qatar Airways,DXB,DOH,2015-10-22T0530,2015-10-22T0540,E,N,SGD,614.0,231.0,845.0
397,832,Onward,Qatar Airways,DOH,BKK,2015-10-22T0840,2015-10-22T1905,E,N,SGD,614.0,231.0,845.0
398,833,Return,Qatar Airways,BKK,DOH,2015-10-30T2045,2015-10-30T2355,E,N,SGD,614.0,231.0,845.0
399,1002,Return,Qatar Airways,DOH,DXB,2015-10-31T0100,2015-10-31T0310,E,N,SGD,614.0,231.0,845.0
400,1021,Onward,Qatar Airways,DXB,DOH,2015-10-22T0530,2015-10-22T0540,E,N,SGD,614.0,231.0,845.0
401,832,Onward,Qatar Airways,DOH,BKK,2015-10-22T0840,2015-10-22T1905,E,N,SGD,614.0,231.0,845.0
402,833,Return,Qatar Airways,BKK,DOH,2015-10-30T2045,2015-10-30T2355,E,N,SGD,614.0,231.0,845.0
403,1004,Return,Qatar Airways,DOH,DXB,2015-10-31T0200,2015-10-31T0410,E,N,SGD,614.0,231.0,845.0
404,1021,Onward,Qatar Airways,DXB,DOH,2015-10-22T0530,2015-10-22T0540,E,N,SGD,614.0,231.0,845.0
405,832,Onward,Qatar Airways,DOH,BKK,2015-10-22T0840,2015-10-22T1905,E,N,SGD,614.0,231.0,845.0
406,833,Return,Qatar Airways,BKK,DOH,2015-10-30T2045,2015-10-30T2355,E,N,SGD,614.0,231.0,845.0
407,1032,Return,Qatar Airways,DOH,DWC,2015-10-31T0135,2015-10-31T0340,E,N,SGD,614.0,231.0,845.0
408,1021,Onward,Qatar Airways,DXB,DOH,2015-10-22T0530,2015-10-22T0540,E,N,SGD,614.0,231.0,845.0
409,832,Onward,Qatar Airways,DOH,BKK,2015-10-22T0840,2015-10-22T1905,E,N,SGD,614.0,231.0,845.0
410,835,Return,Qatar Airways,BKK,DOH,2015-10-30T1955,2015-10-30T2255,E,N,SGD,614.0,231.0,845.0
411,1002,Return,Qatar Airways,DOH,DXB,2015-10-31T0100,2015-10-31T0310,E,N,SGD,614.0,231.0,845.0
412,1021,Onward,Qatar Airways,DXB,DOH,2015-10-22T0530,2015-10-22T0540,E,N,SGD,614.0,231.0,845.0
413,832,Onward,Qatar Airways,DOH,BKK,2015-10-22T0840,2015-10-22T1905,E,N,SGD,614.0,231.0,845.0
414,835,Return,Qatar Airways,BKK,DOH,2015-10-30T1955,2015-10-30T2255,E,N,SGD,614.0,231.0,845.0
415,1020,Return,Qatar Airways,DOH,DXB,2015-10-30T2359,2015-10-31T0210,E,N,SGD,614.0,231.0,845.0
416,1021,Onward,Qatar Airways,DXB,DOH,2015-10-22T0530,2015-10-22T0540,E,N,SGD,614.0,231.0,845.0
417,832,Onward,Qatar Airways,DOH,BKK,2015-10-22T0840,2015-10-22T1905,E,N,SGD,614.0,231.0,845.0
418,835,Return,Qatar Airways,BKK,DOH,2015-10-30T1955,2015-10-30T2255,E,N,SGD,614.0,231.0,845.0
419,1032,Return,Qatar Airways,DOH,DWC,2015-10-31T0135,2015-10-31T0340,E,N,SGD,614.0,231.0,845.0
420,1021,Onward,Qatar Airways,DXB,DOH,2015-10-22T0530,2015-10-22T0540,E,N,SGD,614.0,231.0,845.0
421,832,Onward,Qatar Airways,DOH,BKK,2015-10-22T0840,2015-10-22T1905,E,N,SGD,614.0,231.0,845.0
422,837,Return,Qatar Airways,BKK,DOH,2015-10-30T0140,2015-10-30T0440,E,N,SGD,614.0,231.0,845.0
423,1000,Return,Qatar Airways,DOH,DXB,2015-10-30T0700,2015-10-30T0910,E,N,SGD,614.0,231.0,845.0
424,1021,Onward,Qatar Airways,DXB,DOH,2015-10-22T0530,2015-10-22T0540,E,N,SGD,614.0,231.0,845.0
425,832,Onward,Qatar Airways,DOH,BKK,2015-10-22T0840,2015-10-22T1905,E,N,SGD,614.0,231.0,845.0
426,837,Return,Qatar Airways,BKK,DOH,2015-10-30T0140,2015-10-30T0440,E,N,SGD,614.0,231.0,845.0
427,1024,Return,Qatar Airways,DOH,DXB,2015-10-30T0600,2015-10-30T0810,E,N,SGD,614.0,231.0,845.0
428,1021,Onward,Qatar Airways,DXB,DOH,2015-10-22T0530,2015-10-22T0540,E,N,SGD,614.0,231.0,845.0
429,832,Onward,Qatar Airways,DOH,BKK,2015-10-22T0840,2015-10-22T1905,E,N,SGD,614.0,231.0,845.0
430,837,Return,Qatar Airways,BKK,DOH,2015-10-30T0140,2015-10-30T0440,E,N,SGD,614.0,231.0,845.0
431,1028,Return,Qatar Airways,DOH,DWC,2015-10-30T0550,2015-10-30T0755,E,N,SGD,614.0,231.0,845.0
432,1027,Onward,Qatar Airways,DXB,DOH,2015-10-22T2130,2015-10-22T2140,E,N,SGD,614.0,231.0,845.0
433,836,Onward,Qatar Airways,DOH,BKK,2015-10-23T0215,2015-10-23T1240,E,N,SGD,614.0,231.0,845.0
434,831,Return,Qatar Airways,BKK,DOH,2015-10-30T0835,2015-10-30T1135,E,N,SGD,614.0,231.0,845.0
435,1016,Return,Qatar Airways,DOH,DXB,2015-10-30T1300,2015-10-30T1510,E,N,SGD,614.0,231.0,845.0
436,1027,Onward,Qatar Airways,DXB,DOH,2015-10-22T2130,2015-10-22T2140,E,N,SGD,614.0,231.0,845.0
437,836,Onward,Qatar Airways,DOH,BKK,2015-10-23T0215,2015-10-23T1240,E,N,SGD,614.0,231.0,845.0
438,833,Return,Qatar Airways,BKK,DOH,2015-10-30T2045,2015-10-30T2355,E,N,SGD,614.0,231.0,845.0
439,1002,Return,Qatar Airways,DOH,DXB,2015-10-31T0100,2015-10-31T0310,E,N,SGD,614.0,231.0,845.0
440,1027,Onward,Qatar Airways,DXB,DOH,2015-10-22T2130,2015-10-22T2140,E,N,SGD,614.0,231.0,845.0
441,836,Onward,Qatar Airways,DOH,BKK,2015-10-23T0215,2015-10-23T1240,E,N,SGD,614.0,231.0,845.0
442,833,Return,Qatar Airways,BKK,DOH,2015-10-30T2045,2015-10-30T2355,E,N,SGD,614.0,231.0,845.0
443,1032,Return,Qatar Airways,DOH,DWC,2015-10-31T0135,2015-10-31T0340,E,N,SGD,614.0,231.0,845.0
444,1027,Onward,Qatar Airways,DXB,DOH,2015-10-22T2130,2015-10-22T2140,E,N,SGD,614.0,231.0,845.0
445,836,Onward,Qatar Airways,DOH,BKK,2015-10-23T0215,2015-10-23T1240,E,N,SGD,614.0,231.0,845.0
446,835,Return,Qatar Airways,BKK,DOH,2015-10-30T1955,2015-10-30T2255,E,N,SGD,614.0,231.0,845.0
447,1020,Return,Qatar Airways,DOH,DXB,2015-10-30T2359,2015-10-31T0210,E,N,SGD,614.0,231.0,845.0
448,1027,Onward,Qatar Airways,DXB,DOH,2015-10-22T2130,2015-10-22T2140,E,N,SGD,614.0,231.0,845.0
449,836,Onward,Qatar Airways,DOH,BKK,2015-10-23T0215,2015-10-23T1240,E,N,SGD,614.0,231.0,845.0
450,837,Return,Qatar Airways,BKK,DOH,2015-10-30T0140,2015-10-30T0440,E,N,SGD,614.0,231.0,845.0
451,1024,Return,Qatar Airways,DOH,DXB,2015-10-30T0600,2015-10-30T0810,E,N,SGD,614.0,231.0,845.0
452,1027,Onward,Qatar Airways,DXB,DOH,2015-10-22T2130,2015-10-22T2140,E,N,SGD,614.0,231.0,845.0
453,836,Onward,Qatar Airways,DOH,BKK,2015-10-23T0215,2015-10-23T1240,E,N,SGD,614.0,231.0,845.0
454,837,Return,Qatar Airways,BKK,DOH,2015-10-30T0140,2015-10-30T0440,E,N,SGD,614.0,231.0,845.0
455,1028,Return,Qatar Airways,DOH,DWC,2015-10-30T0550,2015-10-30T0755,E,N,SGD,614.0,231.0,845.0
456,1031,Onward,Qatar Airways,DWC,DOH,2015-10-22T1945,2015-10-22T1950,E,N,SGD,614.0,231.0,845.0
457,830,Onward,Qatar Airways,DOH,BKK,2015-10-22T2100,2015-10-23T0725,E,N,SGD,614.0,231.0,845.0
458,831,Return,Qatar Airways,BKK,DOH,2015-10-30T0835,2015-10-30T1135,E,N,SGD,614.0,231.0,845.0
459,1016,Return,Qatar Airways,DOH,DXB,2015-10-30T1300,2015-10-30T1510,E,N,SGD,614.0,231.0,845.0
460,1031,Onward,Qatar Airways,DWC,DOH,2015-10-22T1945,2015-10-22T1950,E,N,SGD,614.0,231.0,845.0
461,830,Onward,Qatar Airways,DOH,BKK,2015-10-22T2100,2015-10-23T0725,E,N,SGD,614.0,231.0,845.0
462,833,Return,Qatar Airways,BKK,DOH,2015-10-30T2045,2015-10-30T2355,E,N,SGD,614.0,231.0,845.0
463,1002,Return,Qatar Airways,DOH,DXB,2015-10-31T0100,2015-10-31T0310,E,N,SGD,614.0,231.0,845.0
464,1031,Onward,Qatar Airways,DWC,DOH,2015-10-22T1945,2015-10-22T1950,E,N,SGD,614.0,231.0,845.0
465,830,Onward,Qatar Airways,DOH,BKK,2015-10-22T2100,2015-10-23T0725,E,N,SGD,614.0,231.0,845.0
466,833,Return,Qatar Airways,BKK,DOH,2015-10-30T2045,2015-10-30T2355,E,N,SGD,614.0,231.0,845.0
467,1004,Return,Qatar Airways,DOH,DXB,2015-10-31T0200,2015-10-31T0410,E,N,SGD,614.0,231.0,845.0
468,1031,Onward,Qatar Airways,DWC,DOH,2015-10-22T1945,2015-10-22T1950,E,N,SGD,614.0,231.0,845.0
469,830,Onward,Qatar Airways,DOH,BKK,2015-10-22T2100,2015-10-23T0725,E,N,SGD,614.0,231.0,845.0
470,833,Return,Qatar Airways,BKK,DOH,2015-10-30T2045,2015-10-30T2355,E,N,SGD,614.0,231.0,845.0
471,1032,Return,Qatar Airways,DOH,DWC,2015-10-31T0135,2015-10-31T0340,E,N,SGD,614.0,231.0,845.0
472,1031,Onward,Qatar Airways,DWC,DOH,2015-10-22T1945,2015-10-22T1950,E,N,SGD,614.0,231.0,845.0
473,830,Onward,Qatar Airways,DOH,BKK,2015-10-22T2100,2015-10-23T0725,E,N,SGD,614.0,231.0,845.0
474,835,Return,Qatar Airways,BKK,DOH,2015-10-30T1955,2015-10-30T2255,E,N,SGD,614.0,231.0,845.0
475,1002,Return,Qatar Airways,DOH,DXB,2015-10-31T0100,2015-10-31T0310,E,N,SGD,614.0,231.0,845.0
476,1031,Onward,Qatar Airways,DWC,DOH,2015-10-22T1945,2015-10-22T1950,E,N,SGD,614.0,231.0,845.0
477,830,Onward,Qatar Airways,DOH,BKK,2015-10-22T2100,2015-10-23T0725,E,N,SGD,614.0,231.0,845.0
478,835,Return,Qatar Airways,BKK,DOH,2015-10-30T1955,2015-10-30T2255,E,N,SGD,614.0,231.0,845.0
479,1020,Return,Qatar Airways,DOH,DXB,2015-10-30T2359,2015-10-31T0210,E,N,SGD,614.0,231.0,845.0
480,1031,Onward,Qatar Airways,DWC,DOH,2015-10-22T1945,2015-10-22T1950,E,N,SGD,614.0,231.0,845.0
481,830,Onward,Qatar Airways,DOH,BKK,2015-10-22T2100,2015-10-23T0725,E,N,SGD,614.0,231.0,845.0
482,835,Return,Qatar Airways,BKK,DOH,2015-10-30T1955,2015-10-30T2255,E,N,SGD,614.0,231.0,845.0
483,1032,Return,Qatar Airways,DOH,DWC,2015-10-31T0135,2015-10-31T0340,E,N,SGD,614.0,231.0,845.0
484,1031,Onward,Qatar Airways,DWC,DOH,2015-10-22T1945,2015-10-22T1950,E,N,SGD,614.0,231.0,845.0
485,830,Onward,Qatar Airways,DOH,BKK,2015-10-22T2100,2015-10-23T0725,E,N,SGD,614.0,231.0,845.0
486,837,Return,Qatar Airways,BKK,DOH,2015-10-30T0140,2015-10-30T0440,E,N,SGD,614.0,231.0,845.0
487,1000,Return,Qatar Airways,DOH,DXB,2015-10-30T0700,2015-10-30T0910,E,N,SGD,614.0,231.0,845.0
488,1031,Onward,Qatar Airways,DWC,DOH,2015-10-22T1945,2015-10-22T1950,E,N,SGD,614.0,231.0,845.0
489,830,Onward,Qatar Airways,DOH,BKK,2015-10-22T2100,2015-10-23T0725,E,N,SGD,614.0,231.0,845.0
490,837,Return,Qatar Airways,BKK,DOH,2015-10-30T0140,2015-10-30T0440,E,N,SGD,614.0,231.0,845.0
491,1024,Return,Qatar Airways,DOH,DXB,2015-10-30T0600,2015-10-30T0810,E,N,SGD,614.0,231.0,845.0
492,1031,Onward,Qatar Airways,DWC,DOH,2015-10-22T1945,2015-10-22T1950,E,N,SGD,614.0,231.0,845.0
493,830,Onward,Qatar Airways,DOH,BKK,2015-10-22T2100,2015-10-23T0725,E,N,SGD,614.0,231.0,845.0
494,837,Return,Qatar Airways,BKK,DOH,2015-10-30T0140,2015-10-30T0440,E,N,SGD,614.0,231.0,845.0
495,1028,Return,Qatar Airways,DOH,DWC,2015-10-30T0550,2015-10-30T0755,E,N,SGD,614.0,231.0,845.0
496,1033,Onward,Qatar Airways,DWC,DOH,2015-10-22T0545,2015-10-22T0550,E,N,SGD,614.0,231.0,845.0
497,832,Onward,Qatar Airways,DOH,BKK,2015-10-22T0840,2015-10-22T1905,E,N,SGD,614.0,231.0,845.0
498,831,Return,Qatar Airways,BKK,DOH,2015-10-30T0835,2015-10-30T1135,E,N,SGD,614.0,231.0,845.0
499,1016,Return,Qatar Airways,DOH,DXB,2015-10-30T1300,2015-10-30T1510,E,N,SGD,614.0,231.0,845.0
500,1033,Onward,Qatar Airways,DWC,DOH,2015-10-22T0545,2015-10-22T0550,E,N,SGD,614.0,231.0,845.0
501,832,Onward,Qatar Airways,DOH,BKK,2015-10-22T0840,2015-10-22T1905,E,N,SGD,614.0,231.0,845.0
502,833,Return,Qatar Airways,BKK,DOH,2015-10-30T2045,2015-10-30T2355,E,N,SGD,614.0,231.0,845.0
503,1002,Return,Qatar Airways,DOH,DXB,2015-10-31T0100,2015-10-31T0310,E,N,SGD,614.0,231.0,845.0
504,1033,Onward,Qatar Airways,DWC,DOH,2015-10-22T0545,2015-10-22T0550,E,N,SGD,614.0,231.0,845.0
505,832,Onward,Qatar Airways,DOH,BKK,2015-10-22T0840,2015-10-22T1905,E,N,SGD,614.0,231.0,845.0
506,833,Return,Qatar Airways,BKK,DOH,2015-10-30T2045,2015-10-30T2355,E,N,SGD,614.0,231.0,845.0
507,1004,Return,Qatar Airways,DOH,DXB,2015-10-31T0200,2015-10-31T0410,E,N,SGD,614.0,231.0,845.0
508,1033,Onward,Qatar Airways,DWC,DOH,2015-10-22T0545,2015-10-22T0550,E,N,SGD,614.0,231.0,845.0
509,832,Onward,Qatar Airways,DOH,BKK,2015-10-22T0840,2015-10-22T1905,E,N,SGD,614.0,231.0,845.0
510,833,Return,Qatar Airways,BKK,DOH,2015-10-30T2045,2015-10-30T2355,E,N,SGD,614.0,231.0,845.0
511,1032,Return,Qatar Airways,DOH,DWC,2015-10-31T0135,2015-10-31T0340,E,N,SGD,614.0,231.0,845.0
512,1033,Onward,Qatar Airways,DWC,DOH,2015-10-22T0545,2015-10-22T0550,E,N,SGD,614.0,231.0,845.0
513,832,Onward,Qatar Airways,DOH,BKK,2015-10-22T0840,2015-10-22T1905,E,N,SGD,614.0,231.0,845.0
514,835,Return,Qatar Airways,BKK,DOH,2015-10-30T1955,2015-10-30T2255,E,N,SGD,614.0,231.0,845.0
515,1002,Return,Qatar Airways,DOH,DXB,2015-10-31T0100,2015-10-31T0310,E,N,SGD,614.0,231.0,845.0
516,1033,Onward,Qatar Airways,DWC,DOH,2015-10-22T0545,2015-10-22T0550,E,N,SGD,614.0,231.0,845.0
517,832,Onward,Qatar Airways,DOH,BKK,2015-10-22T0840,2015-10-22T1905,E,N,SGD,614.0,231.0,845.0
518,835,Return,Qatar Airways,BKK,DOH,2015-10-30T1955,2015-10-30T2255,E,N,SGD,614.0,231.0,845.0
519,1020,Return,Qatar Airways,DOH,DXB,2015-10-30T2359,2015-10-31T0210,E,N,SGD,614.0,231.0,845.0
520,1033,Onward,Qatar Airways,DWC,DOH,2015-10-22T0545,2015-10-22T0550,E,N,SGD,614.0,231.0,845.0
521,832,Onward,Qatar Airways,DOH,BKK,2015-10-22T0840,2015-10-22T1905,E,N,SGD,614.0,231.0,845.0
522,835,Return,Qatar Airways,BKK,DOH,2015-10-30T1955,2015-10-30T2255,E,N,SGD,614.0,231.0,845.0
523,1032,Return,Qatar Airways,DOH,DWC,2015-10-31T0135,2015-10-31T0340,E,N,SGD,614.0,231.0,845.0
524,1033,Onward,Qatar Airways,DWC,DOH,2015-10-22T0545,2015-10-22T0550,E,N,SGD,614.0,231.0,845.0
525,832,Onward,Qatar Airways,DOH,BKK,2015-10-22T0840,2015-10-22T1905,E,N,SGD,614.0,231.0,845.0
526,837,Return,Qatar Airways,BKK,DOH,2015-10-30T0140,2015-10-30T0440,E,N,SGD,614.0,231.0,845.0
527,1000,Return,Qatar Airways,DOH,DXB,2015-10-30T0700,2015-10-30T0910,E,N,SGD,614.0,231.0,845.0
528,1033,Onward,Qatar Airways,DWC,DOH,2015-10-22T0545,2015-10-22T0550,E,N,SGD,614.0,231.0,845.0
529,832,Onward,Qatar Airways,DOH,BKK,2015-10-22T0840,2015-10-22T1905,E,N,SGD,614.0,231.0,845.0
530,837,Return,Qatar Airways,BKK,DOH,2015-10-30T0140,2015-10-30T0440,E,N,SGD,614.0,231.0,845.0
531,1024,Return,Qatar Airways,DOH,DXB,2015-10-30T0600,2015-10-30T0810,E,N,SGD,614.0,231.0,845.0
532,1033,Onward,Qatar Airways,DWC,DOH,2015-10-22T0545,2015-10-22T0550,E,N,SGD,614.0,231.0,845.0
533,832,Onward,Qatar Airways,DOH,BKK,2015-10-22T0840,2015-10-22T1905,E,N,SGD,614.0,231.0,845.0
534,837,Return,Qatar Airways,BKK,DOH,2015-10-30T0140,2015-10-30T0440,E,N,SGD,614.0,231.0,845.0
535,1028,Return,Qatar Airways,DOH,DWC,2015-10-30T0550,2015-10-30T0755,E,N,SGD,614.0,231.0,845.0
536,1035,Onward,Qatar Airways,DWC,DOH,2015-10-22T2330,2015-10-22T2335,E,N,SGD,614.0,231.0,845.0
537,836,Onward,Qatar Airways,DOH,BKK,2015-10-23T0215,2015-10-23T1240,E,N,SGD,614.0,231.0,845.0
538,831,Return,Qatar Airways,BKK,DOH,2015-10-30T0835,2015-10-30T1135,E,N,SGD,614.0,231.0,845.0
539,1016,Return,Qatar Airways,DOH,DXB,2015-10-30T1300,2015-10-30T1510,E,N,SGD,614.0,231.0,845.0
540,1035,Onward,Qatar Airways,DWC,DOH,2015-10-22T2330,2015-10-22T2335,E,N,SGD,614.0,231.0,845.0
541,836,Onward,Qatar Airways,DOH,BKK,2015-10-23T0215,2015-10-23T1240,E,N,SGD,614.0,231.0,845.0
542,833,Return,Qatar Airways,BKK,DOH,2015-10-30T2045,2015-10-30T2355,E,N,SGD,614.0,231.0,845.0
543,1002,Return,Qatar Airways,DOH,DXB,2015-10-31T0100,2015-10-31T0310,E,N,SGD,614.0,231.0,845.0
544,1035,Onward,Qatar Airways,DWC,DOH,2015-10-22T2330,2015-10-22T2335,E,N,SGD,614.0,231.0,845.0
545,836,Onward,Qatar Airways,DOH,BKK,2015-10-23T0215,2015-10-23T1240,E,N,SGD,614.0,231.0,845.0
546,833,Return,Qatar Airways,BKK,DOH,2015-10-30T2045,2015-10-30T2355,E,N,SGD,614.0,231.0,845.0
547,1004,Return,Qatar Airways,DOH,DXB,2015-10-31T0200,2015-10-31T0410,E,N,SGD,614.0,231.0,845.0
548,1035,Onward,Qatar Airways,DWC,DOH,2015-10-22T2330,2015-10-22T2335,E,N,SGD,614.0,231.0,845.0
549,836,Onward,Qatar Airways,DOH,BKK,2015-10-23T0215,2015-10-23T1240,E,N,SGD,614.0,231.0,845.0
550,833,Return,Qatar Airways,BKK,DOH,2015-10-30T2045,2015-10-30T2355,E,N,SGD,614.0,231.0,845.0
551,1032,Return,Qatar Airways,DOH,DWC,2015-10-31T0135,2015-10-31T0340,E,N,SGD,614.0,231.0,845.0
552,1035,Onward,Qatar Airways,DWC,DOH,2015-10-22T2330,2015-10-22T2335,E,N,SGD,614.0,231.0,845.0
553,836,Onward,Qatar Airways,DOH,BKK,2015-10-23T0215,2015-10-23T1240,E,N,SGD,614.0,231.0,845.0
554,835,Return,Qatar Airways,BKK,DOH,2015-10-30T1955,2015-10-30T2255,E,N,SGD,614.0,231.0,845.0
555,1002,Return,Qatar Airways,DOH,DXB,2015-10-31T0100,2015-10-31T0310,E,N,SGD,614.0,231.0,845.0
556,1035,Onward,Qatar Airways,DWC,DOH,2015-10-22T2330,2015-10-22T2335,E,N,SGD,614.0,231.0,845.0
557,836,Onward,Qatar Airways,DOH,BKK,2015-10-23T0215,2015-10-23T1240,E,N,SGD,614.0,231.0,845.0
558,835,Return,Qatar Airways,BKK,DOH,2015-10-30T1955,2015-10-30T2255,E,N,SGD,614.0,231.0,845.0
559,1020,Return,Qatar Airways,DOH,DXB,2015-10-30T2359,2015-10-31T0210,E,N,SGD,614.0,231.0,845.0
560,1035,Onward,Qatar Airways,DWC,DOH,2015-10-22T2330,2015-10-22T2335,E,N,SGD,614.0,231.0,845.0
561,836,Onward,Qatar Airways,DOH,BKK,2015-10-23T0215,2015-10-23T1240,E,N,SGD,614.0,231.0,845.0
562,835,Return,Qatar Airways,BKK,DOH,2015-10-30T1955,2015-10-30T2255,E,N,SGD,614.0,231.0,845.0
563,1032,Return,Qatar Airways,DOH,DWC,2015-10-31T0135,2015-10-31T0340,E,N,SGD,614.0,231.0,845.0
564,1035,Onward,Qatar Airways,DWC,DOH,2015-10-22T2330,2015-10-22T2335,E,N,SGD,614.0,231.0,845.0
565,836,Onward,Qatar Airways,DOH,BKK,2015-10-23T0215,2015-10-23T1240,E,N,SGD,614.0,231.0,845.0
566,837,Return,Qatar Airways,BKK,DOH,2015-10-30T0140,2015-10-30T0440,E,N,SGD,614.0,231.0,845.0
567,1000,Return,Qatar Airways,DOH,DXB,2015-10-30T0700,2015-10-30T0910,E,N,SGD,614.0,231.0,845.0
568,1035,Onward,Qatar Airways,DWC,DOH,2015-10-22T2330,2015-10-22T2335,E,N,SGD,614.0,231.0,845.0
569,836,Onward,Qatar Airways,DOH,BKK,2015-10-23T0215,2015-10-23T1240,E,N,SGD,614.0,231.0,845.0
570,837,Return,Qatar Airways,BKK,DOH,2015-10-30T0140,2015-10-30T0440,E,N,SGD,614.0,231.0,845.0
571,1024,Return,Qatar Airways,DOH,DXB,2015-10-30T0600,2015-10-30T0810,E,N,SGD,614.0,231.0,845.0
572,1035,Onward,Qatar Airways,DWC,DOH,2015-10-22T2330,2015-10-22T2335,E,N,SGD,614.0,231.0,845.0
573,836,Onward,Qatar Airways,DOH,BKK,2015-10-23T0215,2015-10-23T1240,E,N,SGD,614.0,231.0,845.0
574,837,Return,Qatar Airways,BKK,DOH,2015-10-30T0140,2015-10-30T0440,E,N,SGD,614.0,231.0,845.0
575,1028,Return,Qatar Airways,DOH,DWC,2015-10-30T0550,2015-10-30T0755,E,N,SGD,614.0,231.0,845.0
576,1065,Onward,Qatar Airways,DXB,DOH,2015-10-22T1900,2015-10-22T1910,E,N,SGD,614.0,231.0,845.0
577,830,Onward,Qatar Airways,DOH,BKK,2015-10-22T2100,2015-10-23T0725,E,N,SGD,614.0,231.0,845.0
578,831,Return,Qatar Airways,BKK,DOH,2015-10-30T0835,2015-10-30T1135,E,N,SGD,614.0,231.0,845.0
579,1016,Return,Qatar Airways,DOH,DXB,2015-10-30T1300,2015-10-30T1510,E,N,SGD,614.0,231.0,845.0
580,1065,Onward,Qatar Airways,DXB,DOH,2015-10-22T1900,2015-10-22T1910,E,N,SGD,614.0,231.0,845.0
581,830,Onward,Qatar Airways,DOH,BKK,2015-10-22T2100,2015-10-23T0725,E,N,SGD,614.0,231.0,845.0
582,833,Return,Qatar Airways,BKK,DOH,2015-10-30T2045,2015-10-30T2355,E,N,SGD,614.0,231.0,845.0
583,1002,Return,Qatar Airways,DOH,DXB,2015-10-31T0100,2015-10-31T0310,E,N,SGD,614.0,231.0,845.0
584,1065,Onward,Qatar Airways,DXB,DOH,2015-10-22T1900,2015-10-22T1910,E,N,SGD,614.0,231.0,845.0
585,830,Onward,Qatar Airways,DOH,BKK,2015-10-22T2100,2015-10-23T0725,E,N,SGD,614.0,231.0,845.0
586,833,Return,Qatar Airways,BKK,DOH,2015-10-30T2045,2015-10-30T2355,E,N,SGD,614.0,231.0,845.0
587,1004,Return,Qatar Airways,DOH,DXB,2015-10-31T0200,2015-10-31T0410,E,N,SGD,614.0,231.0,845.0
588,1065,Onward,Qatar Airways,DXB,DOH,2015-10-22T1900,2015-10-22T1910,E,N,SGD,614.0,231.0,845.0
589,830,Onward,Qatar Airways,DOH,BKK,2015-10-22T2100,2015-10-23T0725,E,N,SGD,614.0,231.0,845.0
590,833,Return,Qatar Airways,BKK,DOH,2015-10-30T2045,2015-10-30T2355,E,N,SGD,614.0,231.0,845.0
591,1032,Return,Qatar Airways,DOH,DWC,2015-10-31T0135,2015-10-31T0340,E,N,SGD,614.0,231.0,845.0
592,1065,Onward,Qatar Airways,DXB,DOH,2015-10-22T1900,2015-10-22T1910,E,N,SGD,614.0,231.0,845.0
593,830,Onward,Qatar Airways,DOH,BKK,2015-10-22T2100,2015-10-23T0725,E,N,SGD,614.0,231.0,845.0
594,835,Return,Qatar Airways,BKK,DOH,2015-10-30T1955,2015-10-30T2255,E,N,SGD,614.0,231.0,845.0
595,1002,Return,Qatar Airways,DOH,DXB,2015-10-31T0100,2015-10-31T0310,E,N,SGD,614.0,231.0,845.0
596,1065,Onward,Qatar Airways,DXB,DOH,2015-10-22T1900,2015-10-22T1910,E,N,SGD,614.0,231.0,845.0
597,830,Onward,Qatar Airways,DOH,BKK,2015-10-22T2100,2015-10-23T0725,E,N,SGD,614.0,231.0,845.0
598,835,Return,Qatar Airways,BKK,DOH,2015-10-30T1955,2015-10-30T2255,E,N,SGD,614.0,231.0,845.0
599,1020,Return,Qatar Airways,DOH,DXB,2015-10-30T2359,2015-10-31T0210,E,N,SGD,614.0,231.0,845.0
600,1065,Onward,Qatar Airways,DXB,DOH,2015-10-22T1900,2015-10-22T1910,E,N,SGD,614.0,231.0,845.0
601,830,Onward,Qatar Airways,DOH,BKK,2015-10-22T2100,2015-10-23T0725,E,N,SGD,614.0,231.0,845.0
602,835,Return,Qatar Airways,BKK,DOH,2015-10-30T1955,2015-10-30T2255,E,N,SGD,614.0,231.0,845.0
603,1032,Return,Qatar Airways,DOH,DWC,2015-10-31T0135,2015-10-31T0340,E,N,SGD,614.0,231.0,845.0
604,1065,Onward,Qatar Airways,DXB,DOH,2015-10-22T1900,2015-10-22T1910,E,N,SGD,614.0,231.0,845.0
605,830,Onward,Qatar Airways,DOH,BKK,2015-10-22T2100,2015-10-23T0725,E,N,SGD,614.0,231.0,845.0
606,837,Return,Qatar Airways,BKK,DOH,2015-10-30T0140,2015-10-30T0440,E,N,SGD,614.0,231.0,845.0
607,1000,Return,Qatar Airways,DOH,DXB,2015-10-30T0700,2015-10-30T0910,E,N,SGD,614.0,231.0,845.0
608,1065,Onward,Qatar Airways,DXB,DOH,2015-10-22T1900,2015-10-22T1910,E,N,SGD,614.0,231.0,845.0
609,830,Onward,Qatar Airways,DOH,BKK,2015-10-22T2100,2015-10-23T0725,E,N,SGD,614.0,231.0,845.0
610,837,Return,Qatar Airways,BKK,DOH,2015-10-30T0140,2015-10-30T0440,E,N,SGD,614.0,231.0,845.0
611,1024,Return,Qatar Airways,DOH,DXB,2015-10-30T0600,2015-10-30T0810,E,N,SGD,614.0,231.0,845.0
612,1065,Onward,Qatar Airways,DXB,DOH,2015-10-22T1900,2015-10-22T1910,E,N,SGD,614.0,231.0,845.0
613,830,Onward,Qatar Airways,DOH,BKK,2015-10-22T2100,2015-10-23T0725,E,N,SGD,614.0,231.0,845.0
614,837,Return,Qatar Airways,BKK,DOH,2015-10-30T0140,2015-10-30T0440,E,N,SGD,614.0,231.0,845.0
615,1028,Return,Qatar Airways,DOH,DWC,2015-10-30T0550,2015-10-30T0755,E,N,SGD,614.0,231.0,845.0
616,513,Onward,Gulf Air,DXB,BAH,2015-10-22T2335,2015-10-22T2350,E,O,SGD,583.0,294.8,877.8
617,150,Onward,Gulf Air,BAH,BKK,2015-10-23T0900,2015-10-23T2010,E,O,SGD,583.0,294.8,877.8
618,153,Return,Gulf Air,BKK,BAH,2015-10-30T2050,2015-10-31T0030,E,E,SGD,583.0,294.8,877.8
619,500,Return,Gulf Air,BAH,DXB,2015-10-31T0155,2015-10-31T0410,E,E,SGD,583.0,294.8,877.8
620,535,Onward,JetAirways,DXB,BOM,2015-10-22T1510,2015-10-22T2000,E,V,SGD,552.0,336.4,888.4
621,62,Onward,JetAirways,BOM,BKK,2015-10-23T0105,2015-10-23T0655,E,V,SGD,552.0,336.4,888.4
622,67,Return,JetAirways,BKK,BOM,2015-10-30T2135,2015-10-31T0035,E,S,SGD,552.0,336.4,888.4
623,580,Return,JetAirways,BOM,DXB,2015-10-31T0140,2015-10-31T0335,E,S,SGD,552.0,336.4,888.4
624,537,Onward,JetAirways,DXB,BOM,2015-10-22T1845,2015-10-22T2330,E,V,SGD,552.0,336.4,888.4
625,62,Onward,JetAirways,BOM,BKK,2015-10-23T0105,2015-10-23T0655,E,V,SGD,552.0,336.4,888.4
626,67,Return,JetAirways,BKK,BOM,2015-10-30T2135,2015-10-31T0035,E,S,SGD,552.0,336.4,888.4
627,580,Return,JetAirways,BOM,DXB,2015-10-31T0140,2015-10-31T0335,E,S,SGD,552.0,336.4,888.4
628,1019,Onward,Qatar Airways,DXB,DOH,2015-10-22T2230,2015-10-22T2240,E,S,SGD,664.0,231.0,895.0
629,834,Onward,Qatar Airways,DOH,BKK,2015-10-23T0140,2015-10-23T1205,E,S,SGD,664.0,231.0,895.0
630,831,Return,Qatar Airways,BKK,DOH,2015-10-30T0835,2015-10-30T1135,E,N,SGD,664.0,231.0,895.0
631,1016,Return,Qatar Airways,DOH,DXB,2015-10-30T1300,2015-10-30T1510,E,N,SGD,664.0,231.0,895.0
632,1027,Onward,Qatar Airways,DXB,DOH,2015-10-22T2130,2015-10-22T2140,E,S,SGD,664.0,231.0,895.0
633,834,Onward,Qatar Airways,DOH,BKK,2015-10-23T0140,2015-10-23T1205,E,S,SGD,664.0,231.0,895.0
634,831,Return,Qatar Airways,BKK,DOH,2015-10-30T0835,2015-10-30T1135,E,N,SGD,664.0,231.0,895.0
635,1016,Return,Qatar Airways,DOH,DXB,2015-10-30T1300,2015-10-30T1510,E,N,SGD,664.0,231.0,895.0
636,1035,Onward,Qatar Airways,DWC,DOH,2015-10-22T2330,2015-10-22T2335,E,S,SGD,664.0,231.0,895.0
637,834,Onward,Qatar Airways,DOH,BKK,2015-10-23T0140,2015-10-23T1205,E,S,SGD,664.0,231.0,895.0
638,831,Return,Qatar Airways,BKK,DOH,2015-10-30T0835,2015-10-30T1135,E,N,SGD,664.0,231.0,895.0
639,1016,Return,Qatar Airways,DOH,DXB,2015-10-30T1300,2015-10-30T1510,E,N,SGD,664.0,231.0,895.0
640,543,Onward,JetAirways,DXB,BOM,2015-10-22T2140,2015-10-23T0215,E,Q,SGD,629.0,336.4,965.4
641,70,Onward,JetAirways,BOM,BKK,2015-10-23T0840,2015-10-23T1440,E,Q,SGD,629.0,336.4,965.4
642,61,Return,JetAirways,BKK,BOM,2015-10-30T0855,2015-10-30T1155,E,V,SGD,629.0,336.4,965.4
643,538,Return,JetAirways,BOM,DXB,2015-10-30T1540,2015-10-30T1735,E,V,SGD,629.0,336.4,965.4
644,543,Onward,JetAirways,DXB,BOM,2015-10-22T2140,2015-10-23T0215,E,Q,SGD,629.0,336.4,965.4
645,70,Onward,JetAirways,BOM,BKK,2015-10-23T0840,2015-10-23T1440,E,Q,SGD,629.0,336.4,965.4
646,61,Return,JetAirways,BKK,BOM,2015-10-30T0855,2015-10-30T1155,E,V,SGD,629.0,336.4,965.4
647,544,Return,JetAirways,BOM,DXB,2015-10-30T1850,2015-10-30T2045,E,V,SGD,629.0,336.4,965.4
648,547,Onward,JetAirways,DXB,DEL,2015-10-22T2255,2015-10-23T0355,E,Q,SGD,699.0,336.4,1035.4
649,64,Onward,JetAirways,DEL,BKK,2015-10-23T0805,2015-10-23T1350,E,Q,SGD,699.0,336.4,1035.4
650,63,Return,JetAirways,BKK,DEL,2015-10-30T1535,2015-10-30T1845,E,K,SGD,699.0,336.4,1035.4
651,548,Return,JetAirways,DEL,DXB,2015-10-30T1945,2015-10-30T2220,E,K,SGD,699.0,336.4,1035.4
652,5415,Onward,Etihad,XNB,AUH,2015-10-22T0700,2015-10-22T0820,E,V,SGD,974.7,60.8,1035.5
653,404,Onward,Etihad,AUH,BKK,2015-10-22T1010,2015-10-22T1950,E,V,SGD,974.7,60.8,1035.5
654,403,Return,Etihad,BKK,AUH,2015-10-30T0835,2015-10-30T1230,E,V,SGD,974.7,60.8,1035.5
655,5424,Return,Etihad,AUH,XNB,2015-10-30T1400,2015-10-30T1520,E,V,SGD,974.7,60.8,1035.5
656,491,Onward,Singapore Airlines,DXB,SIN,2015-10-22T1800,2015-10-23T0555,E,W,SGD,571.0,483.8,1054.8
657,970,Onward,Singapore Airlines,SIN,BKK,2015-10-23T0710,2015-10-23T0835,E,W,SGD,571.0,483.8,1054.8
658,977,Return,Singapore Airlines,BKK,SIN,2015-10-30T1540,2015-10-30T1910,E,W,SGD,571.0,483.8,1054.8
659,490,Return,Singapore Airlines,SIN,DXB,2015-10-31T0110,2015-10-31T0510,E,W,SGD,571.0,483.8,1054.8
660,370,Onward,Emirates,DXB,BKK,2015-10-22T1520,2015-10-23T0055,E,K,SGD,505.0,579.8,1084.8
661,371,Return,Emirates,BKK,DXB,2015-10-30T0155,2015-10-30T0545,E,K,SGD,505.0,579.8,1084.8
662,370,Onward,Emirates,DXB,BKK,2015-10-22T1520,2015-10-23T0055,E,K,SGD,505.0,579.8,1084.8
663,373,Return,Emirates,BKK,DXB,2015-10-30T2035,2015-10-31T0050,E,K,SGD,505.0,579.8,1084.8
664,370,Onward,Emirates,DXB,BKK,2015-10-22T1520,2015-10-23T0055,E,K,SGD,505.0,579.8,1084.8
665,375,Return,Emirates,BKK,DXB,2015-10-30T0930,2015-10-30T1315,E,K,SGD,505.0,579.8,1084.8
666,370,Onward,Emirates,DXB,BKK,2015-10-22T1520,2015-10-23T0055,E,K,SGD,505.0,579.8,1084.8
667,377,Return,Emirates,BKK,DXB,2015-10-30T1600,2015-10-30T1955,E,K,SGD,505.0,579.8,1084.8
668,372,Onward,Emirates,DXB,BKK,2015-10-22T0940,2015-10-22T1915,E,K,SGD,505.0,579.8,1084.8
669,371,Return,Emirates,BKK,DXB,2015-10-30T0155,2015-10-30T0545,E,K,SGD,505.0,579.8,1084.8
670,372,Onward,Emirates,DXB,BKK,2015-10-22T0940,2015-10-22T1915,E,K,SGD,505.0,579.8,1084.8
671,373,Return,Emirates,BKK,DXB,2015-10-30T2035,2015-10-31T0050,E,K,SGD,505.0,579.8,1084.8
672,372,Onward,Emirates,DXB,BKK,2015-10-22T0940,2015-10-22T1915,E,K,SGD,505.0,579.8,1084.8
673,375,Return,Emirates,BKK,DXB,2015-10-30T0930,2015-10-30T1315,E,K,SGD,505.0,579.8,1084.8
674,372,Onward,Emirates,DXB,BKK,2015-10-22T0940,2015-10-22T1915,E,K,SGD,505.0,579.8,1084.8
675,377,Return,Emirates,BKK,DXB,2015-10-30T1600,2015-10-30T1955,E,K,SGD,505.0,579.8,1084.8
676,374,Onward,Emirates,DXB,BKK,2015-10-22T2230,2015-10-23T0800,E,K,SGD,505.0,579.8,1084.8
677,371,Return,Emirates,BKK,DXB,2015-10-30T0155,2015-10-30T0545,E,K,SGD,505.0,579.8,1084.8
678,374,Onward,Emirates,DXB,BKK,2015-10-22T2230,2015-10-23T0800,E,K,SGD,505.0,579.8,1084.8
679,373,Return,Emirates,BKK,DXB,2015-10-30T2035,2015-10-31T0050,E,K,SGD,505.0,579.8,1084.8
680,374,Onward,Emirates,DXB,BKK,2015-10-22T2230,2015-10-23T0800,E,K,SGD,505.0,579.8,1084.8
681,375,Return,Emirates,BKK,DXB,2015-10-30T0930,2015-10-30T1315,E,K,SGD,505.0,579.8,1084.8
682,374,Onward,Emirates,DXB,BKK,2015-10-22T2230,2015-10-23T0800,E,K,SGD,505.0,579.8,1084.8
683,377,Return,Emirates,BKK,DXB,2015-10-30T1600,2015-10-30T1955,E,K,SGD,505.0,579.8,1084.8
684,547,Onward,JetAirways,DXB,DEL,2015-10-22T2255,2015-10-23T0355,E,Q,SGD,758.0,336.4,1094.4
685,64,Onward,JetAirways,DEL,BKK,2015-10-23T0805,2015-10-23T1350,E,Q,SGD,758.0,336.4,1094.4
686,67,Return,JetAirways,BKK,BOM,2015-10-30T2135,2015-10-31T0035,E,S,SGD,758.0,336.4,1094.4
687,580,Return,JetAirways,BOM,DXB,2015-10-31T0140,2015-10-31T0335,E,S,SGD,758.0,336.4,1094.4
688,226,Onward,SriLankan,DXB,CMB,2015-10-22T2250,2015-10-23T0500,E,H,SGD,734.35,417.4,1151.75
689,882,Onward,SriLankan,CMB,BKK,2015-10-23T0710,2015-10-23T1210,E,H,SGD,734.35,417.4,1151.75
690,403,Return,SriLankan,BKK,CMB,2015-10-30T0900,2015-10-30T1055,E,S,SGD,734.35,417.4,1151.75
691,225,Return,SriLankan,CMB,DXB,2015-10-30T1840,2015-10-30T2150,E,S,SGD,734.35,417.4,1151.75
692,370,Onward,Emirates,DXB,BKK,2015-10-22T1520,2015-10-23T0055,E,K,SGD,653.0,579.8,1232.8
693,385,Return,Emirates,BKK,DXB,2015-10-30T0105,2015-10-30T0500,E,U,SGD,653.0,579.8,1232.8
694,370,Onward,Emirates,DXB,BKK,2015-10-22T1520,2015-10-23T0055,E,K,SGD,653.0,579.8,1232.8
695,419,Return,Emirates,BKK,DXB,2015-10-30T0225,2015-10-30T0605,E,U,SGD,653.0,579.8,1232.8
696,372,Onward,Emirates,DXB,BKK,2015-10-22T0940,2015-10-22T1915,E,K,SGD,653.0,579.8,1232.8
697,385,Return,Emirates,BKK,DXB,2015-10-30T0105,2015-10-30T0500,E,U,SGD,653.0,579.8,1232.8
698,372,Onward,Emirates,DXB,BKK,2015-10-22T0940,2015-10-22T1915,E,K,SGD,653.0,579.8,1232.8
699,419,Return,Emirates,BKK,DXB,2015-10-30T0225,2015-10-30T0605,E,U,SGD,653.0,579.8,1232.8
700,374,Onward,Emirates,DXB,BKK,2015-10-22T2230,2015-10-23T0800,E,K,SGD,653.0,579.8,1232.8
701,385,Return,Emirates,BKK,DXB,2015-10-30T0105,2015-10-30T0500,E,U,SGD,653.0,579.8,1232.8
702,374,Onward,Emirates,DXB,BKK,2015-10-22T2230,2015-10-23T0800,E,K,SGD,653.0,579.8,1232.8
703,419,Return,Emirates,BKK,DXB,2015-10-30T0225,2015-10-30T0605,E,U,SGD,653.0,579.8,1232.8
704,376,Onward,Emirates,DXB,BKK,2015-10-22T0340,2015-10-22T1300,E,U,SGD,653.0,579.8,1232.8
705,371,Return,Emirates,BKK,DXB,2015-10-30T0155,2015-10-30T0545,E,K,SGD,653.0,579.8,1232.8
706,376,Onward,Emirates,DXB,BKK,2015-10-22T0340,2015-10-22T1300,E,U,SGD,653.0,579.8,1232.8
707,373,Return,Emirates,BKK,DXB,2015-10-30T2035,2015-10-31T0050,E,K,SGD,653.0,579.8,1232.8
708,376,Onward,Emirates,DXB,BKK,2015-10-22T0340,2015-10-22T1300,E,U,SGD,653.0,579.8,1232.8
709,375,Return,Emirates,BKK,DXB,2015-10-30T0930,2015-10-30T1315,E,K,SGD,653.0,579.8,1232.8
710,376,Onward,Emirates,DXB,BKK,2015-10-22T0340,2015-10-22T1300,E,U,SGD,653.0,579.8,1232.8
711,377,Return,Emirates,BKK,DXB,2015-10-30T1600,2015-10-30T1955,E,K,SGD,653.0,579.8,1232.8
712,384,Onward,Emirates,DXB,BKK,2015-10-22T0300,2015-10-22T1230,E,U,SGD,653.0,579.8,1232.8
713,371,Return,Emirates,BKK,DXB,2015-10-30T0155,2015-10-30T0545,E,K,SGD,653.0,579.8,1232.8
714,384,Onward,Emirates,DXB,BKK,2015-10-22T0300,2015-10-22T1230,E,U,SGD,653.0,579.8,1232.8
715,373,Return,Emirates,BKK,DXB,2015-10-30T2035,2015-10-31T0050,E,K,SGD,653.0,579.8,1232.8
716,384,Onward,Emirates,DXB,BKK,2015-10-22T0300,2015-10-22T1230,E,U,SGD,653.0,579.8,1232.8
717,375,Return,Emirates,BKK,DXB,2015-10-30T0930,2015-10-30T1315,E,K,SGD,653.0,579.8,1232.8
718,384,Onward,Emirates,DXB,BKK,2015-10-22T0300,2015-10-22T1230,E,U,SGD,653.0,579.8,1232.8
719,377,Return,Emirates,BKK,DXB,2015-10-30T1600,2015-10-30T1955,E,K,SGD,653.0,579.8,1232.8
720,418,Onward,Emirates,DXB,BKK,2015-10-22T0850,2015-10-22T1810,E,U,SGD,653.0,579.8,1232.8
721,371,Return,Emirates,BKK,DXB,2015-10-30T0155,2015-10-30T0545,E,K,SGD,653.0,579.8,1232.8
722,418,Onward,Emirates,DXB,BKK,2015-10-22T0850,2015-10-22T1810,E,U,SGD,653.0,579.8,1232.8
723,373,Return,Emirates,BKK,DXB,2015-10-30T2035,2015-10-31T0050,E,K,SGD,653.0,579.8,1232.8
724,418,Onward,Emirates,DXB,BKK,2015-10-22T0850,2015-10-22T1810,E,U,SGD,653.0,579.8,1232.8
725,375,Return,Emirates,BKK,DXB,2015-10-30T0930,2015-10-30T1315,E,K,SGD,653.0,579.8,1232.8
726,418,Onward,Emirates,DXB,BKK,2015-10-22T0850,2015-10-22T1810,E,U,SGD,653.0,579.8,1232.8
727,377,Return,Emirates,BKK,DXB,2015-10-30T1600,2015-10-30T1955,E,K,SGD,653.0,579.8,1232.8
728,376,Onward,Emirates,DXB,BKK,2015-10-22T0340,2015-10-22T1300,E,U,SGD,800.0,579.8,1379.8
729,385,Return,Emirates,BKK,DXB,2015-10-30T0105,2015-10-30T0500,E,U,SGD,800.0,579.8,1379.8
730,384,Onward,Emirates,DXB,BKK,2015-10-22T0300,2015-10-22T1230,E,U,SGD,800.0,579.8,1379.8
731,385,Return,Emirates,BKK,DXB,2015-10-30T0105,2015-10-30T0500,E,U,SGD,800.0,579.8,1379.8
732,384,Onward,Emirates,DXB,BKK,2015-10-22T0300,2015-10-22T1230,E,U,SGD,800.0,579.8,1379.8
733,419,Return,Emirates,BKK,DXB,2015-10-30T0225,2015-10-30T0605,E,U,SGD,800.0,579.8,1379.8
